repository,created_at,updated_at,size,num_stars,num_forks
tensorflow/tensorflow,2015-11-07T01:19:20Z,2022-06-12T22:14:55Z,912655,165674,86866
huggingface/transformers,2018-10-29T13:56:00Z,2022-06-12T22:16:05Z,93257,64893,15184
pytorch/pytorch,2016-08-13T05:26:41Z,2022-06-12T22:10:49Z,846233,56592,15686
keras-team/keras,2015-03-28T00:35:42Z,2022-06-12T22:14:29Z,28390,55412,19112
scikit-learn/scikit-learn,2010-08-17T09:43:38Z,2022-06-12T21:58:44Z,141314,50404,23093
tesseract-ocr/tesseract,2014-08-12T18:04:59Z,2022-06-12T22:14:05Z,52317,45518,8016
ageitgey/face_recognition,2017-03-03T21:52:39Z,2022-06-12T20:06:10Z,103958,44840,12304
aymericdamien/TensorFlow-Examples,2015-11-11T14:21:19Z,2022-06-12T22:13:37Z,10242,41975,15182
deepfakes/faceswap,2017-12-19T09:44:13Z,2022-06-12T22:13:19Z,200373,41343,11732
JuliaLang/julia,2011-04-21T07:01:50Z,2022-06-12T21:38:08Z,239065,39579,4928
binhnguyennus/awesome-scalability,2017-12-27T03:46:40Z,2022-06-12T21:50:19Z,1419,38784,4571
microsoft/ML-For-Beginners,2021-03-03T01:34:05Z,2022-06-12T22:12:36Z,177885,38191,7430
Avik-Jain/100-Days-Of-ML-Code,2018-07-05T09:11:43Z,2022-06-12T21:47:31Z,10955,37622,9413
Developer-Y/cs-video-courses,2016-10-21T17:02:11Z,2022-06-12T15:34:58Z,499,36942,5403
iperov/DeepFaceLab,2018-06-04T13:10:00Z,2022-06-12T22:12:20Z,843050,33121,7565
d2l-ai/d2l-zh,2017-08-23T04:40:24Z,2022-06-12T20:27:35Z,232324,32994,7706
BVLC/caffe,2013-09-12T18:39:48Z,2022-06-12T19:35:32Z,76170,32682,19002
GokuMohandas/MadeWithML,2018-11-05T03:44:27Z,2022-06-12T13:34:53Z,27703,30214,5042
ultralytics/yolov5,2020-05-18T03:45:11Z,2022-06-12T20:43:19Z,12260,27326,9754
ZuzooVn/machine-learning-for-software-engineers,2016-10-09T21:20:25Z,2022-06-12T20:24:09Z,486,25937,6041
fengdu78/Coursera-ML-AndrewNg-Notes,2017-11-04T10:04:08Z,2022-06-12T18:54:30Z,684224,25207,9583
ageron/handson-ml,2016-02-16T19:48:39Z,2022-06-12T18:12:52Z,108344,24487,12852
CMU-Perceptual-Computing-Lab/openpose,2017-04-24T14:06:31Z,2022-06-12T15:28:47Z,86451,24344,7161
terryum/awesome-deep-learning-papers,2016-06-03T06:48:30Z,2022-06-12T22:12:12Z,147,23764,4487
google-research/google-research,2018-10-04T18:42:48Z,2022-06-12T22:12:04Z,345399,23690,5793
explosion/spaCy,2014-07-03T15:15:40Z,2022-06-12T21:38:04Z,187051,23570,3847
donnemartin/data-science-ipython-notebooks,2015-01-23T19:38:29Z,2022-06-12T17:24:01Z,49025,23189,7170
dmlc/xgboost,2014-02-06T17:28:03Z,2022-06-12T21:43:05Z,23217,22846,8403
fastai/fastai,2017-09-09T17:43:36Z,2022-06-12T15:36:42Z,784438,22373,7243
eriklindernoren/ML-From-Scratch,2017-02-05T12:11:23Z,2022-06-12T11:53:20Z,553,21142,4167
photoprism/photoprism,2018-01-27T12:00:15Z,2022-06-12T19:38:46Z,120014,20928,1149
ray-project/ray,2016-10-25T19:38:30Z,2022-06-12T18:03:36Z,202548,20884,3620
sebastianruder/NLP-progress,2018-06-22T17:43:55Z,2022-06-12T22:11:42Z,1532,20454,3462
AMAI-GmbH/AI-Expert-Roadmap,2020-10-24T21:49:40Z,2022-06-12T22:11:06Z,628,20318,1848
eugeneyan/applied-ml,2020-07-04T18:57:47Z,2022-06-12T21:26:20Z,343,20046,2813
datawhalechina/pumpkin-book,2018-12-22T05:05:24Z,2022-06-12T20:59:07Z,6712,19951,4464
mozilla/DeepSpeech,2016-06-02T15:04:53Z,2022-06-12T22:11:02Z,50672,19713,3502
TheAlgorithms/C-Plus-Plus,2016-07-16T10:19:45Z,2022-06-12T22:10:42Z,63243,19625,5244
streamlit/streamlit,2019-08-24T00:14:52Z,2022-06-12T22:10:36Z,155099,19518,1748
trekhleb/homemade-machine-learning,2018-11-01T04:34:19Z,2022-06-12T22:10:24Z,14826,19348,3627
lutzroeder/netron,2010-12-26T12:53:43Z,2022-06-12T21:58:22Z,39557,18986,2182
MLEveryday/100-Days-Of-ML-Code,2018-08-05T13:32:48Z,2022-06-12T16:33:11Z,44918,18916,5204
academic/awesome-datascience,2014-07-05T07:07:43Z,2022-06-12T13:53:26Z,1264,18872,5088
mxgmn/WaveFunctionCollapse,2016-09-30T11:53:17Z,2022-06-12T18:42:54Z,31080,18860,1001
ChristosChristofidis/awesome-deep-learning,2015-01-02T19:28:35Z,2022-06-12T22:08:38Z,899,18856,5657
PyTorchLightning/pytorch-lightning,2019-03-31T00:45:57Z,2022-06-12T20:11:01Z,102768,18678,2404
PaddlePaddle/Paddle,2016-08-15T06:59:08Z,2022-06-12T21:48:05Z,249489,18336,4555
google/mediapipe,2019-06-13T19:16:41Z,2022-06-12T16:54:36Z,541972,17544,3688
microsoft/CNTK,2015-11-26T09:52:06Z,2022-06-12T22:08:24Z,935976,17168,4383
zergtant/pytorch-handbook,2018-12-03T02:57:04Z,2022-06-11T17:15:47Z,149507,16626,4997
slundberg/shap,2016-11-22T19:17:08Z,2022-06-12T22:01:24Z,235426,16566,2510
spmallick/learnopencv,2015-02-17T08:00:51Z,2022-06-12T14:46:08Z,1365703,16474,10346
tensorflow/tfjs,2018-03-05T05:41:02Z,2022-06-12T18:07:53Z,160008,16301,1736
amark/gun,2014-07-31T15:52:10Z,2022-06-12T17:49:08Z,33179,16034,1058
zziz/pwc,2018-09-02T12:06:52Z,2022-06-12T22:06:46Z,1643,15383,2505
oxford-cs-deepnlp-2017/lectures,2017-02-06T11:32:46Z,2022-06-10T23:16:36Z,48981,15348,3653
fastai/fastbook,2020-02-28T19:26:47Z,2022-06-12T20:47:21Z,80372,15120,5559
JaidedAI/EasyOCR,2020-03-14T11:46:39Z,2022-06-12T22:07:26Z,152102,15011,2105
jina-ai/jina,2020-02-13T17:04:44Z,2022-06-12T18:09:46Z,683075,14912,1926
RasaHQ/rasa,2016-10-14T12:27:49Z,2022-06-12T17:29:06Z,1548671,14417,4015
kailashahirwar/cheatsheets-ai,2017-05-24T12:06:56Z,2022-06-12T22:00:55Z,29960,14289,3424
microsoft/LightGBM,2016-08-05T05:45:50Z,2022-06-12T17:51:46Z,19541,13881,3553
ty4z2008/Qix,2014-04-20T11:03:15Z,2022-06-12T09:24:38Z,2237,13838,4733
TheAlgorithms/C,2016-07-16T10:17:03Z,2022-06-12T16:52:42Z,9891,13698,3491
emilwallner/Screenshot-to-code,2017-10-16T11:41:48Z,2022-06-11T23:32:21Z,51634,13686,1383
d2l-ai/d2l-en,2018-10-09T01:04:37Z,2022-06-12T16:24:43Z,273818,13651,3143
afshinea/stanford-cs-229-machine-learning,2018-08-04T23:01:00Z,2022-06-12T06:27:46Z,38339,13624,3338
huggingface/datasets,2020-03-26T09:23:22Z,2022-06-12T13:48:08Z,83075,13598,1720
microsoft/recommenders,2018-09-19T10:06:07Z,2022-06-12T14:35:01Z,207042,13352,2337
virgili0/Virgilio,2019-03-12T18:45:36Z,2022-06-12T08:15:07Z,33930,13296,2498
RaRe-Technologies/gensim,2011-02-10T07:43:04Z,2022-06-12T19:18:14Z,104755,13261,4227
keon/awesome-nlp,2015-12-01T11:11:33Z,2022-06-12T13:44:44Z,522,13261,2377
bharathgs/Awesome-pytorch-list,2017-03-01T16:58:16Z,2022-06-12T12:45:46Z,683,13096,2700
Unity-Technologies/ml-agents,2017-09-08T21:09:04Z,2022-06-12T20:30:12Z,2569303,12982,3459
ramitsurana/awesome-kubernetes,2015-10-15T12:14:48Z,2022-06-12T14:12:00Z,4633,12814,2051
aleju/imgaug,2015-07-10T20:31:33Z,2022-06-12T13:30:40Z,28618,12693,2307
onnx/onnx,2017-09-07T04:53:45Z,2022-06-12T21:26:35Z,22221,12685,2775
horovod/horovod,2017-08-09T19:39:59Z,2022-06-12T18:03:56Z,6678,12485,2068
tensorflow/tensor2tensor,2017-06-15T16:57:39Z,2022-06-12T10:29:45Z,16881,12351,3099
gunthercox/ChatterBot,2014-09-28T14:49:00Z,2022-06-12T12:17:12Z,4335,12313,4089
hindupuravinash/the-gan-zoo,2017-04-14T16:45:24Z,2022-06-12T16:59:17Z,2196,12252,2388
OpenBB-finance/OpenBBTerminal,2020-12-20T10:46:38Z,2022-06-12T21:50:02Z,548108,12167,1313
ujjwalkarn/Machine-Learning-Tutorials,2015-09-12T14:51:38Z,2022-06-11T18:32:33Z,9024,12089,3512
NLP-LOVE/ML-NLP,2019-07-05T12:49:53Z,2022-06-12T13:50:37Z,11965,12070,3969
mlflow/mlflow,2018-06-05T16:05:58Z,2022-06-12T21:27:52Z,78713,12012,2763
pytorch/vision,2016-11-09T23:11:43Z,2022-06-12T12:09:04Z,314600,11777,6000
EthicalML/awesome-production-machine-learning,2018-08-15T14:28:41Z,2022-06-12T14:45:49Z,1706,11710,1655
flairNLP/flair,2018-06-11T11:04:18Z,2022-06-12T20:30:08Z,7811,11691,1878
alex000kim/nsfw_data_scraper,2019-01-11T02:21:40Z,2022-06-11T13:51:18Z,8472,11650,2885
rasbt/python-machine-learning-book,2015-08-07T20:39:29Z,2022-06-12T11:53:15Z,159817,11586,4413
kubeflow/kubeflow,2017-11-30T18:44:19Z,2022-06-12T12:32:38Z,290400,11572,1933
microsoft/nni,2018-06-01T05:51:44Z,2022-06-12T15:47:03Z,122009,11569,1649
ddbourgin/numpy-ml,2019-04-06T22:29:49Z,2022-06-12T17:38:19Z,10514,11349,3162
davisking/dlib,2014-01-29T00:45:33Z,2022-06-12T20:44:27Z,25478,11193,3088
argoproj/argo-workflows,2017-08-21T18:50:44Z,2022-06-12T14:20:06Z,88978,11187,2275
halfrost/Halfrost-Field,2017-04-02T11:24:18Z,2022-06-12T07:13:35Z,105214,11156,1758
nltk/nltk,2009-09-07T10:53:58Z,2022-06-12T15:37:54Z,352126,10805,2613
ml-tooling/best-of-ml-python,2020-11-29T19:41:36Z,2022-06-12T20:52:04Z,8352,10744,1642
apple/turicreate,2017-12-01T00:42:04Z,2022-06-11T18:33:32Z,320718,10710,1133
donnemartin/awesome-aws,2015-10-12T12:02:47Z,2022-06-12T16:22:57Z,744,10411,1433
albumentations-team/albumentations,2018-06-06T03:10:50Z,2022-06-12T21:32:54Z,101858,10348,1338
janishar/mit-deep-learning-book-pdf,2017-04-07T10:46:50Z,2022-06-12T12:52:04Z,43565,10311,2335
chiphuyen/stanford-tensorflow-tutorials,2016-11-05T18:21:51Z,2022-06-12T01:30:19Z,14037,10171,4393
kmario23/deep-learning-drizzle,2018-11-26T01:17:36Z,2022-06-11T01:15:12Z,452,10131,2598
zalandoresearch/fashion-mnist,2017-08-25T12:05:15Z,2022-06-12T17:33:00Z,108395,10069,2613
MorvanZhou/tutorials,2016-05-29T13:29:44Z,2022-06-12T03:02:56Z,62652,10020,5625
esimov/caire,2018-01-08T19:23:04Z,2022-06-11T06:16:21Z,79046,9899,364
iterative/dvc,2017-03-04T08:16:33Z,2022-06-12T19:25:26Z,15636,9829,940
tflearn/tflearn,2016-03-31T12:05:53Z,2022-06-12T11:34:46Z,1589,9579,2429
jindongwang/transferlearning,2017-04-30T11:32:21Z,2022-06-12T14:24:55Z,36730,9527,3284
extreme-assistant/CVPR2022-Paper-Code-Interpretation,2019-02-26T07:53:48Z,2022-06-12T15:44:12Z,1209,9475,2095
labmlai/annotated_deep_learning_paper_implementations,2020-08-25T02:29:34Z,2022-06-12T19:23:38Z,138310,9359,909
deepmind/sonnet,2017-04-03T11:34:35Z,2022-06-12T15:01:23Z,16789,9310,1329
lexfridman/mit-deep-learning,2017-01-08T00:52:01Z,2022-06-11T01:15:25Z,65478,9112,2064
ydataai/pandas-profiling,2016-01-09T23:47:55Z,2022-06-12T21:36:02Z,172975,9080,1319
bbfamily/abu,2016-09-19T15:31:53Z,2022-06-12T14:34:44Z,98941,9058,3225
Hvass-Labs/TensorFlow-Tutorials,2016-06-26T14:43:21Z,2022-06-12T17:04:33Z,67974,9019,4243
rushter/MLAlgorithms,2016-10-05T06:46:45Z,2022-06-12T06:55:59Z,11924,8912,1572
ultralytics/yolov3,2018-08-26T08:57:20Z,2022-06-12T16:52:37Z,9557,8749,3231
microsoft/qlib,2020-08-14T06:46:00Z,2022-06-12T16:45:45Z,15692,8695,1551
vahidk/EffectiveTensorflow,2017-08-01T06:00:56Z,2022-06-11T18:46:08Z,151,8682,950
ashishpatel26/500-AI-Machine-learning-Deep-learning-Computer-vision-NLP-Projects-with-code,2021-01-02T12:08:37Z,2022-06-12T20:51:00Z,9,8671,2782
amusi/CVPR2022-Papers-with-Code,2020-02-26T06:04:25Z,2022-06-12T18:35:11Z,435,8635,1763
GetStream/Winds,2016-09-19T17:02:13Z,2022-06-12T22:11:37Z,61501,8618,613
EpistasisLab/tpot,2015-11-03T21:08:40Z,2022-06-12T18:29:49Z,79027,8600,1479
keras-team/autokeras,2017-11-19T23:18:20Z,2022-06-12T19:22:37Z,44854,8531,1372
fastai/numerical-linear-algebra,2017-05-16T17:28:12Z,2022-06-12T08:56:26Z,64028,8514,2260
tensorflow/tfjs-core,2017-08-02T14:45:47Z,2022-06-09T03:45:43Z,380006,8508,983
microsoft/computervision-recipes,2019-02-11T16:23:51Z,2022-06-12T17:30:28Z,264733,8504,1057
facebookarchive/caffe2,2015-06-25T18:23:47Z,2022-06-12T00:02:03Z,402959,8408,2019
ludwig-ai/ludwig,2018-12-27T23:58:12Z,2022-06-12T13:08:59Z,25822,8369,988
Yorko/mlcourse.ai,2017-02-27T08:32:20Z,2022-06-12T19:11:26Z,398527,8227,5441
clips/pattern,2011-05-03T15:29:01Z,2022-06-10T02:30:37Z,52330,8226,1585
apache/tvm,2016-10-12T22:20:28Z,2022-06-12T07:24:02Z,66519,8194,2558
visenger/awesome-mlops,2020-03-03T11:37:19Z,2022-06-12T17:30:10Z,950,8049,1265
timzhang642/3D-Machine-Learning,2017-08-12T15:20:54Z,2022-06-12T01:16:58Z,24852,8015,1650
dotnet/machinelearning,2018-05-03T16:20:42Z,2022-06-10T15:34:12Z,71485,7979,1752
VowpalWabbit/vowpal_wabbit,2009-07-31T19:36:58Z,2022-06-11T02:20:09Z,145375,7973,1806
Mikoto10032/DeepLearning,2018-04-09T15:53:37Z,2022-06-12T15:27:23Z,958284,7820,2408
cortexlabs/cortex,2019-01-24T04:43:14Z,2022-06-12T19:06:52Z,11895,7753,591
mindsdb/mindsdb,2018-08-02T17:56:45Z,2022-06-12T22:01:37Z,168279,7582,761
apachecn/Interview,2017-10-13T09:57:07Z,2022-06-12T07:17:26Z,48356,7539,2127
deepmind/pysc2,2017-07-25T18:16:57Z,2022-06-12T00:36:08Z,4486,7526,1140
pyro-ppl/pyro,2017-06-16T05:03:47Z,2022-06-12T17:22:38Z,78749,7473,918
gradio-app/gradio,2018-12-19T08:24:04Z,2022-06-12T20:08:43Z,155773,7399,467
MorvanZhou/Reinforcement-learning-with-tensorflow,2017-05-06T03:01:31Z,2022-06-12T10:39:10Z,437,7371,4743
lanpa/tensorboardX,2017-06-13T13:54:19Z,2022-06-12T01:31:21Z,5733,7351,867
kedro-org/kedro,2019-04-18T10:29:56Z,2022-06-12T06:54:44Z,110074,7282,669
NVlabs/instant-ngp,2022-01-05T17:11:30Z,2022-06-12T20:26:28Z,173033,7241,711
deeplearning-ai/machine-learning-yearning-cn,2018-06-19T19:26:39Z,2022-06-12T17:22:31Z,15346,7186,1479
vaexio/vaex,2014-09-27T09:44:42Z,2022-06-12T21:10:12Z,143365,7113,549
OlafenwaMoses/ImageAI,2018-03-19T23:12:33Z,2022-06-12T03:52:02Z,62255,7061,1951
jackzhenguo/python-small-examples,2019-11-17T01:47:01Z,2022-06-12T15:18:46Z,6270,7018,1645
aws/amazon-sagemaker-examples,2017-10-23T05:55:22Z,2022-06-11T22:43:27Z,491401,6993,5272
microsoft/onnxruntime,2018-11-10T02:22:53Z,2022-06-12T21:56:20Z,798572,6980,1622
google/trax,2019-10-05T15:09:14Z,2022-06-12T21:09:45Z,169289,6938,719
datawhalechina/leeml-notes,2019-07-02T01:05:11Z,2022-06-12T15:38:55Z,254147,6916,2192
microsoft/DeepSpeed,2020-01-23T18:35:18Z,2022-06-12T18:14:08Z,23678,6872,806
PAIR-code/facets,2017-07-07T14:03:03Z,2022-06-12T13:58:09Z,23265,6864,877
isl-org/Open3D,2016-12-02T16:40:38Z,2022-06-12T15:57:24Z,596604,6860,1674
wiseodd/generative-models,2016-12-07T11:28:16Z,2022-06-12T02:21:34Z,114,6856,2028
instillai/machine-learning-course,2019-02-15T00:23:19Z,2022-06-12T04:55:53Z,14145,6843,1266
guess-js/guess,2018-04-02T01:58:19Z,2022-06-12T20:11:24Z,14131,6816,201
MorvanZhou/PyTorch-Tutorial,2017-05-05T15:12:04Z,2022-06-11T17:40:00Z,15391,6813,3021
owainlewis/awesome-artificial-intelligence,2015-01-27T09:27:48Z,2022-06-11T10:48:52Z,212,6798,1449
lazyprogrammer/machine_learning_examples,2014-07-31T23:40:45Z,2022-06-12T20:17:45Z,22529,6796,5684
dair-ai/ML-YouTube-Courses,2021-06-25T09:39:16Z,2022-06-12T15:14:17Z,50,6789,816
alibaba/MNN,2019-04-15T07:40:18Z,2022-06-12T20:50:59Z,169252,6736,1375
dair-ai/ml-visuals,2020-05-17T13:42:29Z,2022-06-12T13:34:29Z,172,6718,855
deepmind/lab,2016-11-30T13:41:26Z,2022-06-08T06:24:04Z,460019,6699,1363
kornia/kornia,2018-08-22T10:31:37Z,2022-06-12T20:26:26Z,54216,6655,668
catboost/catboost,2017-07-18T05:29:04Z,2022-06-12T14:30:43Z,1011857,6567,1018
Angel-ML/angel,2017-04-25T05:57:43Z,2022-06-12T01:30:54Z,93245,6536,1607
rasbt/python-machine-learning-book-2nd-edition,2017-02-09T05:45:15Z,2022-06-12T15:41:45Z,241207,6522,2758
optuna/optuna,2018-02-21T06:12:56Z,2022-06-12T19:43:59Z,15424,6517,707
nmap/nmap,2012-03-09T14:47:43Z,2022-06-12T17:49:06Z,95874,6380,1916
NirantK/awesome-project-ideas,2017-08-19T09:37:58Z,2022-06-12T20:47:46Z,83,6346,1160
doccano/doccano,2018-05-09T06:10:05Z,2022-06-12T10:49:37Z,54083,6316,1330
Jack-Cherish/Machine-Learning,2017-03-25T07:32:37Z,2022-06-12T14:46:55Z,1132,6277,4538
SerpentAI/SerpentAI,2017-04-16T21:48:39Z,2022-06-10T14:36:34Z,3859,6264,738
firmai/industry-machine-learning,2019-05-03T05:08:15Z,2022-06-11T23:08:47Z,3128,6237,1035
dragen1860/TensorFlow-2.x-Tutorials,2019-01-30T03:00:09Z,2022-06-12T16:44:46Z,166873,6216,2211
tensorpack/tensorpack,2015-12-25T23:08:44Z,2022-06-12T17:11:43Z,9066,6212,1832
alteryx/featuretools,2017-09-08T22:15:17Z,2022-06-12T21:49:34Z,6761,6211,819
stanfordnlp/stanza,2017-09-26T08:00:56Z,2022-06-10T22:43:55Z,7812,6151,801
liuruoze/EasyPR,2014-09-19T11:46:04Z,2022-06-09T12:45:42Z,195032,6127,2517
Hironsan/BossSensor,2016-07-04T06:09:59Z,2022-06-10T04:22:47Z,29659,6097,1106
tensorflow/swift,2018-04-24T19:18:14Z,2022-06-12T15:02:19Z,3627,6057,614
poloclub/cnn-explainer,2019-11-03T23:15:24Z,2022-06-12T21:33:40Z,90164,6056,966
nfmcclure/tensorflow_cookbook,2016-06-10T13:23:57Z,2022-06-12T17:04:46Z,19789,6025,2467
thtrieu/darkflow,2016-08-16T05:54:02Z,2022-06-08T13:28:25Z,33768,5984,2108
yzhao062/anomaly-detection-resources,2018-05-16T20:02:54Z,2022-06-12T14:41:07Z,222,5983,1471
microsoft/nlp-recipes,2019-04-05T17:42:41Z,2022-06-11T07:43:19Z,48727,5928,861
scikit-learn-contrib/imbalanced-learn,2014-08-16T05:08:26Z,2022-06-12T20:30:50Z,22017,5921,1191
rushter/data-science-blogs,2015-08-05T11:58:14Z,2022-06-12T06:00:02Z,348,5894,1744
Swift-AI/Swift-AI,2015-11-19T23:43:18Z,2022-06-12T22:00:15Z,30117,5875,560
h2oai/h2o-3,2014-03-03T16:08:07Z,2022-06-12T15:48:40Z,599256,5848,1920
drivendata/cookiecutter-data-science,2015-10-30T19:19:57Z,2022-06-12T21:49:35Z,718,5836,1873
stefan-jansen/machine-learning-for-trading,2018-05-09T12:33:08Z,2022-06-12T13:59:13Z,686305,5813,2298
iperov/DeepFaceLive,2020-12-15T12:19:22Z,2022-06-12T21:45:04Z,670920,5812,812
pycaret/pycaret,2019-11-23T18:40:48Z,2022-06-12T16:15:49Z,168341,5795,1336
gorse-io/gorse,2018-08-14T11:01:09Z,2022-06-12T11:00:46Z,10964,5791,494
deepmipt/DeepPavlov,2017-11-17T14:35:29Z,2022-06-12T21:56:29Z,39886,5764,1035
yzhao062/pyod,2017-10-03T20:29:04Z,2022-06-11T17:56:11Z,36621,5738,1118
PeterL1n/RobustVideoMatting,2021-08-30T20:57:44Z,2022-06-12T16:20:53Z,9297,5711,716
PeterL1n/BackgroundMattingV2,2020-12-01T00:26:17Z,2022-06-12T16:29:30Z,2862,5710,816
chainer/chainer,2015-06-05T05:50:37Z,2022-06-08T23:31:30Z,53738,5692,1386
infinitered/nsfwjs,2019-02-13T15:06:31Z,2022-06-12T12:56:29Z,63239,5691,404
Netflix/metaflow,2019-09-17T17:48:25Z,2022-06-12T17:42:31Z,5630,5690,519
dusty-nv/jetson-inference,2016-07-30T19:56:47Z,2022-06-12T16:04:02Z,118782,5651,2542
lmcinnes/umap,2017-07-02T01:11:17Z,2022-06-12T16:41:29Z,59919,5627,644
mrdbourke/machine-learning-roadmap,2020-07-09T07:07:47Z,2022-06-12T20:32:24Z,25981,5620,961
ml5js/ml5-library,2017-10-03T20:45:07Z,2022-06-11T07:34:32Z,380460,5599,789
src-d/awesome-machine-learning-on-source-code,2017-06-20T13:35:45Z,2022-06-11T16:07:48Z,698,5552,824
tiny-dnn/tiny-dnn,2012-12-17T14:08:06Z,2022-06-12T01:30:51Z,25554,5540,1389
dformoso/machine-learning-mindmap,2017-08-10T04:29:24Z,2022-06-12T18:30:43Z,15538,5526,967
PRML/PRMLT,2012-09-10T08:19:18Z,2022-06-10T03:12:46Z,506,5525,2125
haifengl/smile,2014-11-20T16:28:12Z,2022-06-10T09:17:11Z,250617,5520,1082
tensorflow/serving,2016-01-26T21:48:20Z,2022-06-12T20:11:59Z,13919,5513,2128
cleverhans-lab/cleverhans,2016-09-15T00:28:04Z,2022-06-12T12:53:28Z,9368,5511,1375
alan-turing-institute/sktime,2018-11-06T15:08:24Z,2022-06-12T17:26:25Z,49522,5408,866
aymericdamien/TopDeepLearning,2016-04-27T04:13:03Z,2022-06-11T05:44:24Z,109,5405,1182
likedan/Awesome-CoreML-Models,2017-08-22T10:43:47Z,2022-06-11T11:55:10Z,3082,5357,441
alexeygrigorev/data-science-interviews,2020-03-02T19:06:53Z,2022-06-12T17:54:05Z,1126,5356,1230
rhiever/Data-Analysis-and-Machine-Learning-Projects,2015-02-12T23:03:58Z,2022-06-12T17:20:25Z,20422,5304,1955
wb14123/seq2seq-couplet,2018-02-24T02:44:52Z,2022-06-10T06:27:22Z,47,5295,1072
tensorflow/docs,2018-04-12T22:23:12Z,2022-06-12T20:10:51Z,117786,5289,4898
keras-rl/keras-rl,2016-07-02T15:53:12Z,2022-06-11T11:30:42Z,1414,5277,1340
jivoi/awesome-ml-for-cybersecurity,2016-12-20T12:46:36Z,2022-06-12T14:12:52Z,380,5233,1508
Vedenin/useful-java-links,2016-02-13T13:14:52Z,2022-06-12T00:40:07Z,2299,5229,1146
dmlc/gluon-cv,2018-02-26T01:33:21Z,2022-06-12T07:33:47Z,39665,5220,1169
amusi/daily-paper-computer-vision,2018-05-15T16:27:19Z,2022-06-12T12:19:48Z,1036,5195,1251
snorkel-team/snorkel,2016-02-26T05:52:45Z,2022-06-12T14:02:07Z,292443,5164,822
tangyudi/Ai-Learn,2020-01-28T01:55:06Z,2022-06-12T14:01:00Z,1297,5004,1320
SmirkCao/Lihang,2018-06-19T14:46:07Z,2022-06-12T01:16:56Z,10377,4945,1499
humphd/have-fun-with-machine-learning,2016-12-29T17:43:50Z,2022-06-10T21:10:47Z,7878,4930,547
jason718/awesome-self-supervised-learning,2018-02-10T01:57:50Z,2022-06-12T14:36:52Z,226,4888,728
transcranial/keras-js,2016-09-30T14:40:35Z,2022-06-12T11:03:35Z,18004,4880,528
jonaswinkler/paperless-ng,2018-06-27T11:34:00Z,2022-06-12T13:19:06Z,19606,4827,348
deepset-ai/haystack,2019-11-14T09:05:28Z,2022-06-12T16:33:29Z,17625,4824,770
therealsreehari/Learn-Data-Science-For-Free,2021-01-27T13:02:06Z,2022-06-12T10:18:43Z,729,4816,488
fastai/course-v3,2018-10-11T19:41:45Z,2022-06-11T01:15:30Z,269411,4811,3643
tyiannak/pyAudioAnalysis,2014-08-27T12:43:13Z,2022-06-12T15:08:30Z,171813,4806,1092
probml/pyprobml,2016-08-17T16:42:24Z,2022-06-11T11:06:20Z,1581323,4796,1136
interpretml/interpret,2019-05-03T05:47:52Z,2022-06-12T16:45:24Z,9140,4780,598
khangich/machine-learning-interview,2020-08-11T06:26:32Z,2022-06-12T18:34:31Z,5445,4752,825
mdbloice/Augmentor,2016-03-01T18:29:55Z,2022-06-12T16:21:25Z,1531,4730,850
blei-lab/edward,2016-02-10T20:06:05Z,2022-06-11T18:46:34Z,29865,4709,780
amdegroot/ssd.pytorch,2017-02-08T01:50:36Z,2022-06-10T06:20:19Z,108865,4668,1713
apachecn/sklearn-doc-zh,2017-09-27T03:25:03Z,2022-06-12T13:55:23Z,63217,4657,1431
tensorspace-team/tensorspace,2018-07-22T14:14:29Z,2022-06-12T12:07:02Z,1157463,4643,414
XiaoMi/mace,2018-06-27T03:50:12Z,2022-06-12T08:01:15Z,32334,4623,806
activeloopai/Hub,2019-08-09T06:17:59Z,2022-06-12T10:54:43Z,59885,4610,383
jeffheaton/t81_558_deep_learning,2016-07-31T02:32:59Z,2022-06-12T10:27:58Z,248522,4603,2488
py-why/dowhy,2018-05-31T13:07:04Z,2022-06-12T20:13:35Z,40561,4597,658
awslabs/autogluon,2019-07-29T18:51:24Z,2022-06-12T19:50:15Z,10610,4547,599
astorfi/TensorFlow-World,2017-03-24T22:19:05Z,2022-06-10T14:52:06Z,26388,4530,432
skorch-dev/skorch,2017-07-18T00:13:54Z,2022-06-11T02:13:19Z,11276,4529,312
MingchaoZhu/DeepLearning,2020-02-27T07:11:46Z,2022-06-12T16:37:18Z,33326,4527,1062
k4yt3x/video2x,2018-02-24T16:34:41Z,2022-06-12T17:21:09Z,11051,4522,506
gorgonia/gorgonia,2016-09-14T23:19:43Z,2022-06-11T14:30:52Z,92286,4521,384
sql-machine-learning/sqlflow,2018-10-04T06:00:50Z,2022-06-11T11:28:23Z,28961,4519,672
KevinMusgrave/pytorch-metric-learning,2019-10-23T17:20:35Z,2022-06-12T18:53:31Z,32246,4471,550
BinRoot/TensorFlow-Book,2016-03-06T23:30:57Z,2022-06-08T03:57:10Z,45766,4447,1237
alirezamika/autoscraper,2020-08-31T12:02:19Z,2022-06-12T15:53:41Z,106,4437,477
tensorflow/lucid,2018-01-25T17:41:44Z,2022-06-11T09:59:11Z,148135,4401,626
okfn-brasil/serenata-de-amor,2016-06-27T20:55:11Z,2022-06-11T08:32:06Z,71013,4396,691
Spandan-Madan/DeepLearningProject,2017-07-12T16:03:24Z,2022-06-10T16:23:14Z,2519,4368,635
janhuenermann/neurojs,2016-09-18T23:33:53Z,2022-06-05T06:02:15Z,19502,4341,373
amusi/Deep-Learning-Interview-Book,2019-06-24T15:06:11Z,2022-06-12T15:09:01Z,2897,4306,962
flashlight/flashlight,2018-12-11T18:28:47Z,2022-06-10T20:12:13Z,15130,4285,413
FederatedAI/FATE,2019-01-24T10:32:43Z,2022-06-12T04:58:36Z,230092,4285,1287
MegEngine/MegEngine,2020-03-18T08:21:58Z,2022-06-12T06:35:09Z,24839,4262,484
paperswithcode/ai-deadlines,2016-11-18T23:11:12Z,2022-06-12T16:22:31Z,1194,4245,699
accord-net/framework,2012-04-08T13:35:01Z,2022-06-10T15:00:11Z,427584,4227,1932
lauragift21/awesome-learning-resources,2018-01-19T09:02:02Z,2022-06-12T20:23:27Z,646,4219,736
MorvanZhou/Tensorflow-Tutorial,2017-05-10T11:02:32Z,2022-06-11T14:14:02Z,38884,4197,1903
unit8co/darts,2018-09-13T15:17:28Z,2022-06-12T21:54:37Z,99637,4163,425
PipelineAI/pipeline,2015-07-08T03:49:23Z,2022-06-10T15:17:30Z,94805,4147,985
LibrePhotos/librephotos,2020-11-11T23:08:19Z,2022-06-12T20:42:03Z,80903,4141,170
NVIDIA/DIGITS,2015-03-17T16:00:20Z,2022-06-05T13:47:09Z,51154,4061,1413
lyst/lightfm,2015-07-30T08:34:00Z,2022-06-12T16:58:36Z,7860,4049,633
deepmind/learning-to-learn,2016-12-06T08:25:37Z,2022-06-12T10:05:58Z,90,4048,614
mlpack/mlpack,2014-12-17T18:16:59Z,2022-06-12T17:30:54Z,264647,4013,1430
jessevig/bertviz,2018-12-16T16:50:42Z,2022-06-12T20:20:11Z,203096,4006,596
OAID/Tengine,2017-12-30T01:21:41Z,2022-06-12T13:26:07Z,18220,3979,951
pytorch/ignite,2017-11-23T17:31:21Z,2022-06-12T08:45:35Z,50147,3976,547
rasbt/mlxtend,2014-08-14T01:56:16Z,2022-06-12T08:55:55Z,89223,3974,769
serengil/deepface,2020-02-08T20:42:28Z,2022-06-12T16:51:35Z,43562,3972,889
vespa-engine/vespa,2016-06-03T20:54:20Z,2022-06-09T14:31:49Z,203338,3955,475
wandb/client,2017-03-24T05:46:23Z,2022-06-12T19:36:54Z,55266,3955,321
vicky002/AlgoWiki,2014-11-27T11:17:13Z,2022-06-12T20:25:02Z,182552,3949,1116
shimat/opencvsharp,2013-12-21T00:27:48Z,2022-06-12T06:19:58Z,85611,3943,928
rasbt/pattern_classification,2014-03-30T05:34:34Z,2022-06-08T23:31:11Z,112921,3921,1287
HIT-SCIR/ltp,2011-06-01T15:10:15Z,2022-06-12T14:37:35Z,15815,3916,971
xviniette/FlappyLearning,2016-07-24T20:54:21Z,2022-06-10T00:09:31Z,11472,3903,484
NVIDIA/DALI,2018-06-01T22:18:01Z,2022-06-11T07:36:11Z,249568,3887,507
IDSIA/sacred,2014-03-31T18:05:29Z,2022-06-10T09:32:37Z,6118,3838,351
yahoo/TensorFlowOnSpark,2017-01-20T18:15:57Z,2022-06-10T15:17:33Z,9462,3796,963
xitu/tensorflow-docs,2018-03-08T09:39:54Z,2022-06-10T01:26:20Z,4785,3789,482
BoltzmannEntropy/interviews.ai,2021-09-30T17:04:46Z,2022-06-12T08:16:45Z,21998,3768,265
googlecreativelab/teachable-machine-v1,2017-10-03T15:04:27Z,2022-06-12T11:10:33Z,4084,3758,592
triton-inference-server/server,2018-10-04T21:10:30Z,2022-06-12T01:31:34Z,24829,3731,885
tensorflow/probability,2017-10-23T23:50:54Z,2022-06-12T15:56:14Z,147833,3716,992
FluxML/Flux.jl,2016-04-01T21:11:05Z,2022-06-12T20:37:50Z,6805,3710,530
arXivTimes/arXivTimes,2016-10-26T05:27:39Z,2022-06-10T10:59:07Z,875,3703,212
esimov/pigo,2018-05-14T07:19:03Z,2022-06-12T18:47:19Z,12879,3698,272
wzhe06/Ad-papers,2016-08-07T08:26:26Z,2022-06-10T14:03:37Z,199699,3691,1114
tensorflow/rust,2016-02-05T00:32:17Z,2022-06-12T19:00:42Z,21085,3683,330
zotroneneis/machine_learning_basics,2018-02-19T09:55:58Z,2022-06-11T16:06:57Z,11779,3681,737
aladdinpersson/Machine-Learning-Collection,2020-03-26T07:02:40Z,2022-06-12T15:24:13Z,98297,3674,1701
apachecn/hands-on-ml-zh,2018-04-08T09:19:49Z,2022-06-12T08:33:20Z,43569,3662,1543
snipsco/snips-nlu,2017-02-08T16:16:36Z,2022-06-11T11:18:35Z,20278,3658,500
dotnet/machinelearning-samples,2018-05-25T18:43:54Z,2022-06-09T18:12:14Z,2036178,3639,2379
DistrictDataLabs/yellowbrick,2016-05-18T14:12:17Z,2022-06-12T17:58:44Z,80673,3638,520
idealo/image-super-resolution,2018-11-26T13:41:13Z,2022-06-12T14:53:34Z,15314,3637,642
DLR-RM/stable-baselines3,2020-05-05T05:52:26Z,2022-06-12T13:45:08Z,3356,3620,817
aaronwangy/Data-Science-Cheatsheet,2021-02-05T06:01:57Z,2022-06-10T14:29:39Z,5613,3607,518
goq/telegram-list,2016-08-12T16:16:12Z,2022-06-11T05:00:23Z,2043,3594,730
JWarmenhoven/ISLR-python,2015-06-14T16:14:00Z,2022-06-12T06:20:54Z,22717,3579,2271
bentoml/BentoML,2019-04-02T01:39:27Z,2022-06-12T12:11:01Z,46692,3537,403
amusi/AI-Job-Notes,2019-02-11T11:37:17Z,2022-06-12T03:34:03Z,3148,3534,574
alirezadir/Production-Level-Deep-Learning,2019-11-19T20:11:21Z,2022-06-11T17:30:56Z,15567,3522,521
openvenues/libpostal,2015-03-03T00:21:31Z,2022-06-10T12:39:36Z,37737,3481,380
cleanlab/cleanlab,2018-05-11T01:55:21Z,2022-06-12T20:42:58Z,1183,3480,330
biolab/orange3,2013-02-22T12:52:56Z,2022-06-12T14:55:44Z,94660,3454,816
pixie-io/pixie,2020-02-27T00:22:45Z,2022-06-12T18:11:31Z,59574,3427,223
online-ml/river,2019-01-24T15:18:26Z,2022-06-12T08:24:41Z,198868,3424,381
andri27-ts/Reinforcement-Learning,2018-08-28T11:04:16Z,2022-06-09T02:07:45Z,10493,3417,487
Oneflow-Inc/oneflow,2017-02-11T06:09:53Z,2022-06-12T15:35:02Z,89564,3415,416
tensorflow/adanet,2018-06-28T20:20:24Z,2022-06-12T15:50:57Z,2575,3408,529
justmarkham/scikit-learn-videos,2015-04-06T02:08:42Z,2022-06-12T21:06:22Z,1587,3381,2462
KaiyangZhou/deep-person-reid,2018-03-11T21:14:39Z,2022-06-11T10:21:29Z,9776,3370,971
robmarkcole/satellite-image-deep-learning,2018-04-16T08:42:09Z,2022-06-12T20:34:31Z,17159,3360,753
iterative/cml,2020-02-26T07:33:41Z,2022-06-12T11:16:34Z,17466,3330,246
r0f1/datascience,2018-11-22T09:21:49Z,2022-06-10T14:43:28Z,705,3320,566
microsoft/SynapseML,2017-06-05T08:23:44Z,2022-06-11T02:21:14Z,64029,3317,677
tensorflow/datasets,2018-09-10T21:27:22Z,2022-06-12T20:12:18Z,976159,3296,1271
Azure/MachineLearningNotebooks,2018-08-17T17:29:14Z,2022-06-11T20:23:10Z,77655,3290,2177
makcedward/nlpaug,2019-03-21T03:00:17Z,2022-06-11T15:10:52Z,3817,3290,372
podgorskiy/ALAE,2019-03-12T18:31:50Z,2022-06-06T01:05:40Z,213041,3281,546
gopherdata/gophernotes,2016-01-22T19:22:16Z,2022-06-12T03:36:24Z,21184,3280,233
pliang279/awesome-multimodal-ml,2019-05-27T23:03:48Z,2022-06-12T11:39:24Z,422,3266,600
feast-dev/feast,2018-12-10T07:20:15Z,2022-06-12T11:13:21Z,78151,3259,580
olivia-ai/olivia,2018-06-05T18:19:31Z,2022-06-12T17:25:08Z,31290,3235,329
allegroai/clearml,2019-06-10T08:18:32Z,2022-06-11T23:52:49Z,31391,3225,446
microsoft/tensorwatch,2019-05-15T08:29:34Z,2022-06-02T03:43:20Z,22242,3215,355
rasbt/python-machine-learning-book-3rd-edition,2019-06-07T04:19:59Z,2022-06-12T18:21:09Z,167001,3210,1431
SeldonIO/seldon-core,2017-12-20T14:51:54Z,2022-06-12T18:45:34Z,219110,3205,672
bytedance/byteps,2019-06-25T07:00:13Z,2022-06-10T16:55:43Z,5418,3193,457
chiphuyen/python-is-cool,2019-10-21T14:21:10Z,2022-06-12T14:32:19Z,55,3172,503
ThoughtfulDev/EagleEye,2018-02-17T13:58:57Z,2022-06-12T15:16:07Z,173,3169,466
vijishmadhavan/ArtLine,2020-11-23T11:11:19Z,2022-06-11T22:35:51Z,364,3159,328
fastai/course-nlp,2019-05-14T20:39:05Z,2022-06-11T14:10:54Z,17096,3136,1405
tensorflow/hub,2018-03-12T07:55:42Z,2022-06-09T01:40:10Z,13389,3133,1654
alibaba/Alink,2018-09-30T06:36:11Z,2022-06-12T13:21:56Z,13498,3123,736
TarrySingh/Artificial-Intelligence-Deep-Learning-Machine-Learning-Tutorials,2017-07-13T19:46:01Z,2022-06-12T21:42:15Z,1810867,3120,1525
handong1587/handong1587.github.io,2015-08-15T08:49:23Z,2022-06-03T08:58:13Z,178016,3109,1030
polyaxon/polyaxon,2016-12-26T12:48:47Z,2022-06-10T08:36:00Z,126367,3101,304
sbrugman/deep-learning-papers,2016-10-29T15:59:13Z,2022-06-11T22:45:13Z,64787,3073,417
uber/causalml,2019-07-09T02:08:58Z,2022-06-12T04:27:24Z,35773,3065,500
lucidrains/stylegan2-pytorch,2020-01-09T18:23:31Z,2022-06-12T17:37:01Z,5156,3044,510
Trusted-AI/adversarial-robustness-toolbox,2018-03-15T14:40:43Z,2022-06-12T19:15:26Z,193067,3037,834
migueldeicaza/TensorFlowSharp,2017-01-16T04:18:28Z,2022-06-05T12:28:15Z,8583,3037,575
orchest/orchest,2020-05-21T17:33:05Z,2022-06-12T07:36:28Z,20208,3020,168
guillaume-chevalier/LSTM-Human-Activity-Recognition,2016-05-18T02:00:21Z,2022-06-10T00:30:28Z,1606,3011,901
aksnzhy/xlearn,2017-06-10T08:09:31Z,2022-06-10T16:36:20Z,11184,3002,532
hudson-and-thames/mlfinlab,2019-02-13T16:57:25Z,2022-06-12T10:28:05Z,642,2988,932
nidhaloff/igel,2020-08-27T20:54:59Z,2022-06-12T12:00:48Z,19847,2984,152
rlcode/reinforcement-learning,2017-01-13T09:30:09Z,2022-06-12T12:35:35Z,63086,2968,711
wzhe06/Reco-papers,2018-05-29T17:29:04Z,2022-06-12T10:08:36Z,177084,2957,760
catalyst-team/catalyst,2018-08-20T07:56:13Z,2022-06-11T17:05:49Z,54739,2943,365
DeepGraphLearning/LiteratureDL4Graph,2019-06-20T06:38:05Z,2022-06-11T18:32:21Z,191,2937,576
PAIR-code/lit,2020-07-28T13:07:26Z,2022-06-11T12:04:28Z,99421,2937,308
raghakot/keras-vis,2016-11-11T23:27:34Z,2022-06-11T09:31:30Z,153803,2933,652
jtablesaw/tablesaw,2016-01-01T14:58:28Z,2022-06-10T02:17:12Z,67189,2926,578
Sophia-11/Machine-Learning-Notes,2019-09-20T05:06:57Z,2022-06-11T16:56:38Z,67207,2919,699
jmschrei/pomegranate,2014-11-24T18:36:58Z,2022-06-10T21:10:41Z,52899,2913,537
ZhaoJ9014/face.evoLVe,2019-01-04T02:22:17Z,2022-06-12T02:44:57Z,8402,2912,707
microsoft/hummingbird,2020-03-12T20:27:03Z,2022-06-12T18:28:13Z,12662,2896,226
shogun-toolbox/shogun,2011-04-01T10:44:32Z,2022-06-10T19:54:38Z,74478,2883,1060
easy-tensorflow/easy-tensorflow,2017-11-30T20:02:40Z,2022-05-23T23:25:20Z,20714,2871,373
kubeflow/pipelines,2018-05-12T00:31:47Z,2022-06-12T17:18:22Z,314155,2860,1253
deepmind/dm_control,2017-12-29T18:13:15Z,2022-06-12T15:02:36Z,79549,2834,524
benfred/implicit,2016-04-17T03:45:23Z,2022-06-12T17:55:50Z,7642,2804,544
jisungk/deepjazz,2016-04-02T01:00:05Z,2022-06-12T07:15:36Z,12222,2797,433
graykode/nlp-roadmap,2019-09-19T07:47:34Z,2022-06-11T12:38:10Z,2737,2789,489
horance-liu/tensorflow-internals,2018-06-30T02:50:29Z,2022-06-09T11:43:02Z,106970,2786,576
weld-project/weld,2016-06-13T05:00:24Z,2022-06-12T00:45:45Z,3015,2783,252
rapidsai/cuml,2018-10-11T15:45:35Z,2022-06-10T08:55:35Z,154246,2773,410
microsoft/DMTK,2015-11-08T03:32:50Z,2022-05-20T03:08:15Z,17,2762,588
louisfb01/start-machine-learning,2020-09-24T11:48:46Z,2022-06-12T11:21:00Z,88,2761,365
thuquant/awesome-quant,2016-05-10T14:42:34Z,2022-06-12T14:56:56Z,82,2760,758
mit-nlp/MITIE,2014-04-01T22:47:53Z,2022-06-11T03:40:50Z,10951,2759,539
chrieke/awesome-satellite-imagery-datasets,2018-05-01T22:13:17Z,2022-06-12T21:06:15Z,1823,2753,546
awslabs/gluon-ts,2019-05-15T17:17:29Z,2022-06-12T15:54:13Z,6787,2751,577
maciejkula/spotlight,2017-06-25T18:52:19Z,2022-06-12T16:49:46Z,9222,2742,407
apple/coremltools,2017-06-30T07:39:02Z,2022-06-12T22:02:50Z,34420,2739,429
rasbt/deep-learning-book,2016-12-18T07:15:40Z,2022-06-11T04:27:45Z,11676,2724,763
dair-ai/ML-Course-Notes,2022-03-17T11:18:50Z,2022-06-12T20:05:28Z,57,2715,369
louisfb01/best_AI_papers_2021,2021-11-06T16:55:30Z,2022-06-12T07:12:37Z,444,2712,223
POSTECH-CVLab/PyTorch-StudioGAN,2020-06-19T04:09:13Z,2022-06-12T15:25:05Z,24892,2709,251
adambielski/siamese-triplet,2018-03-06T22:25:41Z,2022-06-12T05:43:24Z,12913,2691,584
Nyandwi/machine_learning_complete,2021-09-25T11:02:35Z,2022-06-12T16:20:49Z,161058,2681,345
heavyai/heavydb,2017-05-07T15:07:56Z,2022-06-08T11:27:37Z,443173,2674,419
MLEveryday/practicalAI-cn,2018-12-11T09:40:16Z,2022-06-12T02:29:36Z,1291,2652,669
keithito/tacotron,2017-07-08T17:03:31Z,2022-06-10T09:05:32Z,115,2651,940
pytorch/serve,2019-10-03T03:17:43Z,2022-06-12T21:37:33Z,54437,2648,535
ml-tooling/opyrator,2021-04-06T08:09:06Z,2022-06-11T02:45:48Z,2594,2633,124
cloud-annotations/cloud-annotations,2019-01-29T14:52:41Z,2022-06-10T06:55:27Z,106419,2623,471
jphall663/awesome-machine-learning-interpretability,2018-06-21T14:26:51Z,2022-06-11T09:59:16Z,2305,2608,477
ml-tooling/ml-workspace,2019-05-27T16:55:15Z,2022-06-10T15:21:32Z,13060,2583,346
khuyentran1401/Data-science,2020-07-17T19:25:27Z,2022-06-10T22:01:13Z,129960,2581,694
osmr/imgclsmob,2018-07-09T12:57:46Z,2022-06-08T11:27:40Z,21367,2575,523
salesforce/Merlion,2021-07-28T15:30:56Z,2022-06-12T16:47:09Z,92102,2569,207
deepjavalibrary/djl,2019-10-29T22:38:54Z,2022-06-12T14:39:36Z,31951,2567,420
robi56/Deep-Learning-for-Recommendation-Systems,2017-05-08T11:24:34Z,2022-06-10T20:00:47Z,31,2559,695
TeamHG-Memex/eli5,2016-09-15T01:04:57Z,2022-06-12T01:31:13Z,37429,2545,328
dair-ai/Mathematics-for-ML,2022-05-21T11:24:15Z,2022-06-12T22:03:49Z,14,2545,152
huggingface/neuralcoref,2017-07-03T13:04:16Z,2022-06-11T02:03:23Z,69454,2543,441
explosion/thinc,2014-10-16T16:34:59Z,2022-06-12T05:17:25Z,9963,2536,253
bfortuner/ml-glossary,2017-04-20T16:05:19Z,2022-06-12T19:05:37Z,7721,2536,658
aimhubio/aim,2019-05-31T18:25:07Z,2022-06-12T09:02:52Z,53484,2520,151
replicate/cog,2021-02-26T23:43:09Z,2022-06-12T21:54:16Z,1389,2513,76
google/deepvariant,2017-11-23T01:56:22Z,2022-06-12T21:27:34Z,306033,2507,634
jbesomi/texthero,2020-04-06T15:16:05Z,2022-06-12T13:20:31Z,23190,2507,213
Cartucho/mAP,2018-03-08T11:24:23Z,2022-06-10T09:26:25Z,15081,2496,821
tensorflow/ranking,2018-12-03T20:48:57Z,2022-06-09T03:02:41Z,6166,2495,436
MaartenGr/BERTopic,2020-09-22T14:19:29Z,2022-06-12T18:55:27Z,8787,2495,346
RedstoneWill/HsuanTienLin_MachineLearning,2018-05-05T05:42:53Z,2022-06-12T10:23:04Z,216997,2483,836
semi-technologies/weaviate,2016-03-30T15:03:17Z,2022-06-11T20:29:58Z,799168,2480,142
girls-in-ai/Girls-In-AI,2019-01-03T08:03:13Z,2022-06-10T14:58:36Z,40794,2460,436
montanaflynn/stats,2014-12-16T03:25:19Z,2022-06-12T09:45:59Z,278,2440,157
huggingface/knockknock,2019-03-20T13:08:55Z,2022-06-10T12:33:11Z,75,2433,210
mars-project/mars,2018-12-05T16:04:03Z,2022-06-12T04:22:41Z,37498,2431,306
ploomber/ploomber,2020-01-20T20:13:06Z,2022-06-12T17:26:41Z,6587,2430,162
volcano-sh/volcano,2019-03-14T09:47:29Z,2022-06-11T08:32:47Z,69310,2429,550
dmlc/gluon-nlp,2018-04-04T20:57:13Z,2022-06-10T10:33:22Z,11376,2418,536
NiuTrans/MTBook,2020-05-01T07:45:20Z,2022-06-10T08:43:18Z,92194,2410,818
stellargraph/stellargraph,2018-04-13T07:35:51Z,2022-06-12T14:00:15Z,96733,2410,367
aleju/papers,2016-02-19T22:44:27Z,2022-06-12T14:07:49Z,40247,2408,446
evidentlyai/evidently,2020-11-25T15:20:08Z,2022-06-11T19:57:26Z,102767,2407,234
zzh8829/yolov3-tf2,2019-04-03T17:57:49Z,2022-06-12T14:31:02Z,4344,2401,891
flyteorg/flyte,2019-10-21T17:40:04Z,2022-06-12T19:03:51Z,200889,2394,226
tryolabs/luminoth,2017-02-16T15:07:46Z,2022-05-10T11:08:27Z,3123,2388,411
SciSharp/TensorFlow.NET,2018-12-10T23:04:47Z,2022-06-11T16:29:58Z,379107,2385,405
tirthajyoti/Machine-Learning-with-Python,2017-07-17T03:06:13Z,2022-06-12T18:23:37Z,102411,2384,1509
unifyai/ivy,2021-01-19T08:37:25Z,2022-06-12T20:56:49Z,389084,2373,719
jolibrain/deepdetect,2015-05-22T14:45:28Z,2022-06-11T22:09:22Z,107930,2368,546
apachecn/fe4ml-zh,2018-05-17T14:05:46Z,2022-06-09T17:08:48Z,15303,2363,666
scikit-optimize/scikit-optimize,2016-03-20T21:10:54Z,2022-06-11T12:49:28Z,9423,2349,447
alexlenail/NN-SVG,2015-12-17T06:43:51Z,2022-06-12T17:58:02Z,380,2335,316
microsoft/pai,2017-09-25T11:24:51Z,2022-06-12T16:52:20Z,73539,2320,512
ybayle/awesome-deep-learning-music,2017-08-15T17:36:33Z,2022-06-11T00:56:59Z,5771,2319,329
ourownstory/neural_prophet,2020-05-04T05:12:43Z,2022-06-11T21:45:22Z,103138,2312,294
RasaHQ/rasa_core,2017-09-18T12:07:12Z,2022-06-12T05:04:15Z,1059972,2304,1046
anfederico/clairvoyant,2016-09-12T18:38:17Z,2022-06-11T14:53:19Z,10385,2302,755
BrikerMan/Kashgari,2019-01-19T01:53:28Z,2022-06-07T02:23:25Z,15043,2301,435
tradytics/eiten,2020-09-08T03:09:46Z,2022-06-12T02:21:22Z,663,2300,266
visionml/pytracking,2019-04-03T10:17:53Z,2022-06-12T11:59:57Z,2621,2290,499
asyml/texar,2017-07-22T19:02:05Z,2022-06-10T01:26:15Z,14241,2288,374
microsoft/forecasting,2019-02-06T18:42:18Z,2022-06-10T02:30:37Z,28288,2281,392
alibaba/pipcook,2019-12-05T02:40:40Z,2022-06-12T09:47:55Z,17052,2271,197
mljs/ml,2014-10-27T13:04:38Z,2022-06-11T10:51:58Z,8738,2270,218
bethgelab/foolbox,2017-06-14T13:05:48Z,2022-06-12T14:42:16Z,11126,2249,402
yunabe/lgo,2017-10-05T15:29:10Z,2022-06-10T12:35:17Z,992,2239,113
ARM-software/ComputeLibrary,2017-03-10T14:51:43Z,2022-06-11T08:34:05Z,459737,2236,678
microsoft/EconML,2018-04-30T21:02:52Z,2022-06-12T08:43:46Z,65983,2232,490
rob-med/awesome-TS-anomaly-detection,2017-12-19T15:05:20Z,2022-06-11T10:49:25Z,116,2232,392
luspr/awesome-ml-courses,2020-05-08T20:41:59Z,2022-06-11T14:51:55Z,35,2222,247
google/tangent,2017-10-26T20:02:46Z,2022-06-07T06:05:50Z,25786,2220,396
NeuromatchAcademy/course-content,2020-05-10T19:09:05Z,2022-06-09T14:18:34Z,2572785,2216,874
reiinakano/scikit-plot,2017-02-04T06:22:59Z,2022-06-10T14:54:48Z,3119,2209,262
neuml/txtai,2020-08-09T19:14:59Z,2022-06-10T18:04:30Z,20766,2200,214
seungeunrho/minimalRL,2019-04-23T10:57:44Z,2022-06-11T13:02:19Z,71,2192,336
samjabrahams/tensorflow-on-raspberry-pi,2016-03-12T06:26:47Z,2022-06-04T09:40:43Z,275720,2185,513
scikit-learn-contrib/hdbscan,2015-04-22T13:32:37Z,2022-06-11T11:10:45Z,26687,2180,406
hora-search/hora,2021-05-15T07:46:32Z,2022-06-09T10:19:55Z,15017,2176,47
louisfb01/Best_AI_paper_2020,2020-12-20T17:27:00Z,2022-06-10T03:27:53Z,189,2167,242
dragen1860/Deep-Learning-with-PyTorch-Tutorials,2018-11-26T04:21:46Z,2022-06-12T16:44:33Z,91436,2166,1134
PizzaDeDados/datascience-pizza,2017-07-18T20:37:32Z,2022-06-12T17:28:17Z,882,2162,481
weslynn/AlphaTree-graphic-deep-neural-network,2018-03-06T08:37:27Z,2022-06-11T14:15:30Z,94331,2155,534
tslearn-team/tslearn,2017-05-04T13:08:13Z,2022-06-12T15:29:41Z,7424,2153,281
dair-ai/ML-Notebooks,2022-03-26T21:39:49Z,2022-06-12T20:17:33Z,207,2151,279
AakashKumarNain/annotated_research_papers,2020-07-19T19:05:19Z,2022-06-12T03:22:00Z,184697,2145,226
Hedgehog-Computing/hedgehog-lab,2020-05-13T05:40:18Z,2022-06-12T18:42:24Z,19560,2138,138
ShuaiW/data-science-question-answer,2018-01-15T01:39:56Z,2022-06-12T18:37:59Z,2390,2135,622
libffcv/ffcv,2021-10-13T17:03:39Z,2022-06-12T17:01:06Z,3501,2119,114
nhivp/Awesome-Embedded,2017-09-24T02:23:36Z,2022-06-11T14:34:17Z,158,2118,477
parrt/dtreeviz,2018-08-13T21:45:15Z,2022-06-12T17:43:49Z,143610,2114,272
BayesWitnesses/m2cgen,2019-01-13T02:32:55Z,2022-06-09T15:50:53Z,1272,2108,193
kaonashi-tyc/zi2zi,2017-02-17T23:18:04Z,2022-06-10T03:26:59Z,46887,2108,451
trekhleb/nano-neuron,2019-12-05T07:54:21Z,2022-06-10T18:12:58Z,293,2099,110
zenml-io/zenml,2020-11-19T09:25:46Z,2022-06-12T18:26:14Z,49261,2094,162
timeseriesAI/tsai,2019-09-30T09:18:31Z,2022-06-12T18:55:07Z,961801,2094,314
protontypes/awesome-robotic-tooling,2019-10-24T15:32:17Z,2022-06-12T03:35:52Z,2577,2079,369
PetrochukM/PyTorch-NLP,2018-02-25T05:00:36Z,2022-06-05T14:59:50Z,13156,2076,255
EliteQuant/EliteQuant,2017-11-21T05:28:40Z,2022-06-09T21:04:33Z,1256,2064,475
fbdesignpro/sweetviz,2020-05-09T15:25:47Z,2022-06-12T20:15:16Z,16791,2057,205
hoya012/awesome-anomaly-detection,2018-08-29T06:33:25Z,2022-06-11T14:44:47Z,2407,2053,462
ajbrock/Neural-Photo-Editor,2016-09-21T14:53:36Z,2022-05-24T07:21:51Z,13104,2048,203
krishnakumarsekar/awesome-quantum-machine-learning,2017-04-26T11:03:50Z,2022-06-12T05:31:02Z,10011,2044,584
explosion/spacy-course,2019-04-15T11:17:06Z,2022-06-05T02:49:19Z,9422,2037,342
paperswithcode/releasing-research-code,2020-03-05T14:47:45Z,2022-06-12T09:39:21Z,574,2036,615
zvtvz/zvt,2019-04-04T08:06:57Z,2022-06-12T08:51:48Z,43671,2026,665
jdb78/pytorch-forecasting,2020-07-03T13:05:24Z,2022-06-12T21:49:37Z,30604,2011,326
ethen8181/machine-learning,2015-07-24T03:35:49Z,2022-06-09T16:21:06Z,437401,2007,498
extreme-assistant/ICCV2021-Paper-Code-Interpretation,2019-04-01T04:19:27Z,2022-06-12T15:26:05Z,1383,1991,1132
benedekrozemberczki/awesome-decision-tree-papers,2019-05-11T18:14:03Z,2022-06-12T20:55:01Z,307,1983,316
deeplearningturkiye/turkce-yapay-zeka-kaynaklari,2017-10-17T20:19:31Z,2022-06-11T18:55:35Z,235,1982,396
QData/TextAttack,2019-10-15T00:51:44Z,2022-06-10T13:18:19Z,25890,1980,252
benedekrozemberczki/awesome-community-detection,2018-10-10T15:17:30Z,2022-06-12T01:31:34Z,2366,1978,338
polakowo/vectorbt,2017-11-14T11:56:32Z,2022-06-12T13:44:58Z,743270,1977,340
khanhnamle1994/cracking-the-data-science-interview,2018-08-09T07:57:57Z,2022-06-12T16:01:39Z,246883,1968,616
hardikkamboj/An-Introduction-to-Statistical-Learning,2020-06-13T05:18:05Z,2022-06-12T09:48:09Z,20564,1968,533
bgshih/crnn,2015-12-19T07:14:57Z,2022-06-09T10:53:26Z,75,1955,549
lakshayg/tensorflow-build-archived,2017-05-18T02:21:47Z,2022-06-12T03:14:14Z,222587,1951,237
mne-tools/mne-python,2011-01-28T03:31:13Z,2022-06-12T15:22:55Z,147018,1950,1061
deepmind/dm-haiku,2020-02-18T07:14:02Z,2022-06-12T21:06:23Z,2003,1945,155
ICT-BDA/EasyML,2017-04-07T05:13:26Z,2022-06-06T18:38:14Z,15604,1944,455
dipanjanS/practical-machine-learning-with-python,2017-07-29T10:31:36Z,2022-06-12T18:24:30Z,121254,1939,1558
google-research-datasets/Objectron,2020-10-19T21:58:41Z,2022-06-11T06:16:10Z,40804,1932,241
mljar/mljar-supervised,2018-11-05T12:58:04Z,2022-06-12T21:25:06Z,8772,1922,273
Palashio/libra,2020-04-10T23:25:55Z,2022-06-05T23:17:03Z,190631,1920,114
tirthajyoti/Data-science-best-resources,2018-12-27T03:51:46Z,2022-06-11T03:26:01Z,9286,1914,753
google/sling,2017-04-25T10:47:40Z,2022-05-30T14:09:03Z,5425,1908,281
WongKinYiu/ScaledYOLOv4,2020-11-14T03:01:11Z,2022-06-12T16:56:58Z,492,1907,520
thunlp/PromptPapers,2021-06-05T07:21:58Z,2022-06-12T17:13:52Z,166,1901,182
microsoft/FLAML,2020-08-20T20:46:11Z,2022-06-11T14:52:40Z,40657,1896,273
eugeneyan/ml-surveys,2020-08-08T01:35:06Z,2022-06-12T17:58:13Z,50,1889,220
endymecy/spark-ml-source-analysis,2016-01-08T13:39:03Z,2022-06-06T03:36:20Z,13831,1888,833
yanshengjia/ml-road,2017-10-31T04:36:37Z,2022-06-10T08:31:16Z,360300,1888,801
dangkhoasdc/awesome-ai-residency,2018-04-17T04:47:40Z,2022-06-12T06:33:36Z,72,1887,199
orico/www.mlcompendium.com,2021-08-09T03:50:41Z,2022-06-11T16:53:59Z,7511,1875,210
tobegit3hub/tensorflow_template_application,2016-07-18T10:54:20Z,2022-06-07T09:17:57Z,46954,1865,734
unsplash/datasets,2020-06-23T19:58:19Z,2022-06-09T23:17:43Z,72,1864,81
aws-samples/aws-machine-learning-university-accelerated-nlp,2020-08-07T00:40:22Z,2022-06-10T02:46:32Z,80663,1852,475
mapbox/robosat,2018-06-07T12:42:33Z,2022-06-12T10:53:40Z,1381,1841,367
szilard/benchm-ml,2015-03-28T00:34:18Z,2022-06-06T08:48:15Z,1133,1837,336
JasonKessler/scattertext,2016-07-21T01:47:12Z,2022-06-09T17:18:26Z,39531,1828,253
MrNothing/AI-Blocks,2017-10-16T10:51:25Z,2022-06-04T20:39:06Z,34839,1824,237
wzhe06/SparrowRecSys,2020-05-05T05:03:23Z,2022-06-12T07:39:53Z,66589,1819,668
root-project/root,2013-06-27T10:46:59Z,2022-06-12T17:26:14Z,960185,1818,1042
MLNLP-World/Top-AI-Conferences-Paper-with-Code,2020-06-27T07:58:07Z,2022-06-12T02:00:50Z,4132,1817,523
lgsvl/simulator,2018-07-02T22:07:26Z,2022-06-12T04:21:10Z,42960,1814,623
DerwenAI/pytextrank,2016-10-02T18:39:12Z,2022-06-10T14:51:25Z,1555,1814,331
werner-duvaud/muzero-general,2019-12-27T02:33:51Z,2022-06-12T13:08:01Z,7436,1807,475
OryxProject/oryx,2014-07-25T20:08:44Z,2022-06-12T14:52:00Z,7464,1800,413
MAIF/shapash,2020-04-29T07:34:23Z,2022-06-12T02:59:58Z,47686,1791,237
bangoc123/learn-machine-learning-in-two-months,2018-08-03T03:36:05Z,2022-06-06T03:46:14Z,71503,1790,592
minimaxir/automl-gs,2019-01-13T18:57:44Z,2022-06-07T17:30:03Z,572,1787,171
dotnet/spark,2019-04-22T18:55:55Z,2022-06-10T18:07:15Z,3103,1783,276
jindongwang/MachineLearning,2015-08-16T13:01:08Z,2022-06-12T14:46:59Z,286,1782,618
tensorflow/tfx,2019-02-04T17:14:36Z,2022-06-12T04:29:30Z,233453,1771,584
Accenture/AmpliGraph,2019-01-09T14:52:05Z,2022-06-12T14:36:37Z,25578,1769,208
arbox/machine-learning-with-ruby,2017-04-20T09:44:48Z,2022-06-11T10:07:58Z,451,1765,156
src-d/hercules,2016-12-12T17:30:29Z,2022-06-10T12:27:10Z,10244,1757,142
BlazingDB/blazingsql,2018-09-24T18:25:45Z,2022-06-12T16:59:43Z,43357,1754,171
rust-ml/linfa,2018-04-05T07:03:30Z,2022-06-11T15:33:59Z,5920,1749,127
lucidrains/reformer-pytorch,2020-01-09T20:42:37Z,2022-06-12T01:31:47Z,36241,1748,239
ahmedbahaaeldin/From-0-to-Research-Scientist-resources-guide,2021-03-16T07:52:23Z,2022-06-10T23:57:20Z,204,1746,287
the-akira/Computer-Science-Resources,2019-02-05T01:17:26Z,2022-06-11T23:52:18Z,2385,1744,242
Trusted-AI/AIF360,2018-08-22T20:47:15Z,2022-06-10T11:14:45Z,6049,1738,571
xmartlabs/Bender,2017-05-03T20:52:12Z,2022-06-06T05:45:43Z,72735,1734,91
facebookresearch/TensorComprehensions,2018-02-06T17:11:07Z,2022-06-12T17:29:14Z,38419,1730,215
kermitt2/grobid,2012-09-13T15:48:54Z,2022-06-12T14:44:24Z,1253323,1725,332
modAL-python/modAL,2017-11-14T14:01:15Z,2022-06-09T23:59:55Z,9548,1725,242
determined-ai/determined,2020-04-07T16:12:29Z,2022-06-11T02:00:38Z,70228,1722,227
tomlepaine/fast-wavenet,2016-09-16T21:57:30Z,2022-06-10T15:45:06Z,313,1715,317
r9y9/deepvoice3_pytorch,2017-10-31T12:31:44Z,2022-06-09T17:14:36Z,7106,1715,436
obss/sahi,2021-01-30T12:54:53Z,2022-06-10T18:43:39Z,52076,1714,258
Awesome-Interview/Awesome-Interview,2019-03-27T13:18:08Z,2022-06-12T07:20:00Z,265,1713,321
lucasb-eyer/pydensecrf,2015-11-13T18:15:38Z,2022-06-12T14:34:06Z,2730,1710,399
yuchenlin/rebiber,2021-01-24T09:41:52Z,2022-06-11T07:13:23Z,59985,1708,97
ssusnic/Machine-Learning-Flappy-Bird,2017-08-10T15:14:19Z,2022-06-08T10:38:49Z,485,1705,397
mJackie/RecSys,2019-03-08T14:16:10Z,2022-06-09T08:28:42Z,44172,1691,408
mosaicml/composer,2021-10-12T02:38:28Z,2022-06-12T21:32:07Z,5677,1684,99
tirthajyoti/Papers-Literature-ML-DL-RL-AI,2018-01-16T06:25:18Z,2022-06-12T21:59:21Z,518862,1683,590
pytorch/audio,2017-05-05T00:38:05Z,2022-06-12T17:41:06Z,786223,1681,425
MaxBenChrist/awesome_time_series_in_python,2017-08-16T12:27:27Z,2022-06-09T11:12:36Z,144,1678,339
achillesrasquinha/bulbea,2017-03-09T06:11:06Z,2022-06-11T01:19:05Z,2768,1671,446
Machine-Learning-Tokyo/Interactive_Tools,2019-04-29T23:24:38Z,2022-06-11T05:03:15Z,34636,1665,204
LaurentMazare/tch-rs,2019-02-16T21:08:44Z,2022-06-12T19:28:05Z,3031,1661,145
patrikhuber/eos,2015-02-10T16:09:02Z,2022-06-12T14:15:30Z,14250,1660,563
YunYang1994/TensorFlow2.0-Examples,2019-03-07T15:17:05Z,2022-06-11T09:13:30Z,10629,1652,686
HuaizhengZhang/Awesome-System-for-Machine-Learning,2019-01-07T12:59:19Z,2022-06-10T16:21:43Z,998,1651,235
gram-ai/capsule-networks,2017-11-02T14:47:54Z,2022-06-10T06:40:27Z,797,1650,325
probcomp/Gen.jl,2018-08-21T21:42:42Z,2022-06-12T10:39:17Z,24401,1649,147
SeldonIO/alibi,2019-02-26T10:10:56Z,2022-06-11T23:09:19Z,27579,1649,191
huseinzol05/NLP-Models-Tensorflow,2018-04-23T12:04:17Z,2022-06-12T20:01:29Z,48393,1644,701
lightly-ai/lightly,2020-10-13T13:02:56Z,2022-06-11T21:30:25Z,8244,1640,128
amir-abdi/keras_to_tensorflow,2017-05-10T04:43:29Z,2022-05-14T19:06:17Z,149,1640,541
benedekrozemberczki/karateclub,2019-12-05T17:35:56Z,2022-06-10T15:32:02Z,29324,1639,204
microsoft/DialoGPT,2019-08-29T21:07:46Z,2022-06-12T04:19:05Z,46139,1639,243
rentruewang/koila,2021-11-17T08:37:36Z,2022-06-11T02:15:09Z,671,1638,56
aws/sagemaker-python-sdk,2017-11-14T01:03:33Z,2022-06-09T12:39:07Z,106616,1634,795
github/CodeSearchNet,2019-02-28T17:22:54Z,2022-06-11T11:56:08Z,30039,1632,319
UniversalDataTool/universal-data-tool,2019-07-11T18:00:15Z,2022-06-10T13:29:24Z,259422,1632,175
GPflow/GPflow,2016-01-14T11:29:24Z,2022-05-24T03:29:07Z,122289,1629,425
tensorflow/privacy,2018-12-21T18:46:46Z,2022-06-12T00:45:50Z,2695,1614,362
Franck-Dernoncourt/NeuroNER,2017-03-07T01:24:15Z,2022-06-09T15:53:59Z,126745,1614,477
RubixML/ML,2018-02-14T07:20:19Z,2022-06-12T17:41:20Z,25997,1607,125
Drakkar-Software/OctoBot,2018-02-23T23:13:05Z,2022-06-12T05:48:33Z,140335,1603,446
idealo/image-quality-assessment,2018-06-12T14:46:09Z,2022-06-10T02:51:56Z,81900,1603,394
azavea/raster-vision,2017-02-02T14:31:54Z,2022-06-12T14:49:27Z,28689,1602,333
bjoernkarmann/project_alias,2018-05-15T21:16:07Z,2022-06-12T16:21:33Z,40997,1597,101
NiuTrans/ABigSurvey,2020-07-17T05:57:36Z,2022-06-10T11:55:48Z,1812,1591,206
faridrashidi/kaggle-solutions,2018-11-25T04:27:49Z,2022-06-12T10:10:59Z,7117,1589,482
deepchecks/deepchecks,2021-10-11T14:48:38Z,2022-06-12T17:10:00Z,248383,1583,102
TuringLang/Turing.jl,2016-04-29T10:51:43Z,2022-06-04T10:14:33Z,78324,1582,191
curiousily/Getting-Things-Done-with-Pytorch,2020-01-31T08:02:53Z,2022-06-12T15:55:39Z,33893,1581,477
uber/manifold,2019-02-08T21:05:30Z,2022-06-09T11:42:23Z,7303,1579,115
lexfridman/deeptraffic,2018-01-06T01:24:42Z,2022-06-12T21:27:00Z,6208,1576,246
mlr-org/mlr,2013-08-29T16:26:13Z,2022-06-08T18:44:45Z,603617,1575,407
replicate/keepsake,2020-07-01T04:37:44Z,2022-06-11T21:12:25Z,15265,1574,65
ClimbsRocks/auto_ml,2016-08-07T21:35:08Z,2022-06-12T21:38:43Z,1444,1573,310
imgcook/imgcook,2018-12-26T02:43:07Z,2022-06-12T10:21:06Z,72,1573,97
lukas-blecher/LaTeX-OCR,2020-12-11T16:35:13Z,2022-06-12T21:27:21Z,9335,1572,203
ermig1979/Simd,2015-03-25T15:24:55Z,2022-06-10T15:55:00Z,33656,1564,347
byzer-org/byzer-lang,2016-04-28T07:06:14Z,2022-06-10T08:26:23Z,55451,1563,525
jsbroks/coco-annotator,2018-09-03T21:38:31Z,2022-06-11T15:09:01Z,1743,1563,366
sshkhr/awesome-mlss,2018-12-01T06:34:35Z,2022-06-12T07:35:43Z,259,1563,205
hanleyweng/CoreML-in-ARKit,2017-07-14T08:33:22Z,2022-06-12T05:13:13Z,25091,1562,210
keras-team/keras-contrib,2017-01-25T02:26:49Z,2022-06-12T11:38:05Z,868,1558,664
scikit-learn-contrib/lightning,2012-01-11T13:53:52Z,2022-06-10T06:15:43Z,14720,1556,209
quantumblacklabs/causalnex,2019-12-12T15:26:09Z,2022-06-12T03:40:10Z,49379,1555,178
uber-research/deep-neuroevolution,2018-01-04T01:12:25Z,2022-06-07T05:15:24Z,3801,1554,299
datawhalechina/fun-rec,2020-08-09T04:37:34Z,2022-06-12T13:53:58Z,106259,1552,464
aburkov/theMLbook,2019-01-06T06:40:03Z,2022-05-18T12:24:56Z,3462,1545,509
datawhalechina/daily-interview,2019-04-24T06:07:56Z,2022-06-11T01:46:06Z,16867,1543,337
justmarkham/DAT8,2015-08-07T03:35:51Z,2022-06-11T01:23:30Z,24092,1537,1029
instacart/lore,2017-10-19T21:51:45Z,2022-05-09T18:24:02Z,1633,1536,130
kserve/kserve,2019-03-27T21:14:14Z,2022-06-10T20:15:16Z,411186,1536,612
teddylee777/machine-learning,2018-09-02T05:55:25Z,2022-06-12T13:15:44Z,45399,1532,584
voxelmorph/voxelmorph,2018-05-14T16:19:41Z,2022-06-11T14:06:20Z,132263,1527,475
tensorflow/addons,2018-11-26T23:57:17Z,2022-06-09T11:03:57Z,6035,1524,568
kevinhughes27/TensorKart,2016-12-28T15:11:51Z,2022-06-10T18:29:29Z,58922,1523,254
plasticityai/magnitude,2018-02-24T07:28:16Z,2022-06-10T12:34:30Z,74131,1521,109
jiqizhixin/Artificial-Intelligence-Terminology-Database,2017-06-27T15:36:56Z,2022-06-10T07:35:58Z,2341,1520,303
PythonOT/POT,2016-10-20T14:42:14Z,2022-06-12T15:30:02Z,44719,1520,412
hosseinmoein/DataFrame,2017-10-28T17:25:45Z,2022-06-10T14:13:21Z,42421,1508,226
Hironsan/awesome-embedding-models,2016-12-05T04:16:20Z,2022-06-11T09:26:19Z,49,1507,239
jslee02/awesome-robotics-libraries,2016-04-16T20:44:29Z,2022-06-10T04:33:00Z,280,1505,359
justmarkham/scikit-learn-tips,2020-03-26T13:36:57Z,2022-06-12T18:23:20Z,289,1504,376
guillaume-chevalier/Awesome-Deep-Learning-Resources,2016-11-27T17:41:38Z,2022-06-10T13:55:53Z,312,1500,290
Charmve/computer-vision-in-action,2021-04-29T03:08:48Z,2022-06-11T16:48:12Z,302342,1498,228
grananqvist/Awesome-Quant-Machine-Learning-Trading,2018-11-05T21:09:06Z,2022-06-12T10:10:37Z,31,1488,420
mbadry1/Top-Deep-Learning,2018-03-16T00:57:51Z,2022-06-12T18:19:15Z,138,1487,408
4paradigm/OpenMLDB,2021-03-12T07:18:31Z,2022-06-12T07:48:56Z,95709,1482,519
pkmital/CADL,2016-07-06T22:07:55Z,2022-05-13T03:35:18Z,330445,1481,747
philipperemy/keras-tcn,2018-03-22T02:40:06Z,2022-06-10T12:10:14Z,5974,1480,407
dblalock/bolt,2017-02-01T23:11:16Z,2022-06-10T06:36:16Z,339965,1478,132
PyTorchLightning/lightning-flash,2021-01-28T18:47:16Z,2022-06-12T17:30:54Z,12735,1476,169
AsuharietYgvar/AppleNeuralHash2ONNX,2021-08-15T19:52:47Z,2022-06-10T05:02:27Z,15,1465,126
pytorch/TensorRT,2020-03-11T17:17:43Z,2022-06-12T02:30:39Z,20983,1463,188
jadianes/spark-py-notebooks,2015-05-06T07:45:21Z,2022-06-12T13:01:17Z,2312,1463,898
dustinvtran/ml-videos,2017-01-25T01:02:58Z,2022-06-11T17:31:44Z,50,1460,215
tradytics/surpriver,2020-08-30T07:56:22Z,2022-06-11T23:04:21Z,2064,1460,280
ahangchen/GDLnotes,2016-05-08T07:45:57Z,2022-05-25T06:17:52Z,10708,1456,494
VertaAI/modeldb,2016-10-19T01:07:26Z,2022-06-12T07:54:54Z,43391,1448,256
Hironsan/anago,2017-06-26T21:28:36Z,2022-06-06T06:23:36Z,7686,1448,376
PennyLaneAI/pennylane,2018-04-17T16:45:42Z,2022-06-11T21:11:17Z,60433,1446,379
metarank/metarank,2020-08-19T17:16:08Z,2022-06-11T07:34:19Z,6412,1444,48
krasserm/bayesian-machine-learning,2018-03-19T14:17:43Z,2022-06-12T05:47:46Z,28830,1444,392
SeldonIO/seldon-server,2015-02-11T13:49:35Z,2022-06-07T17:41:05Z,3685,1443,307
uber/petastorm,2018-06-15T23:15:29Z,2022-06-12T05:56:47Z,2730,1440,248
dotnet/infer,2018-09-14T23:49:02Z,2022-06-09T17:47:51Z,33773,1438,210
uTensor/uTensor,2017-09-21T17:04:59Z,2022-06-03T09:10:10Z,77576,1436,203
sthalles/SimCLR,2020-02-17T18:58:35Z,2022-06-12T09:53:25Z,84452,1436,312
githubharald/SimpleHTR,2018-06-13T13:30:25Z,2022-06-12T18:17:00Z,80929,1428,714
lovoo/NSFWDetector,2018-08-14T09:21:41Z,2022-06-12T07:11:03Z,270,1427,93
dair-ai/nlp_paper_summaries,2020-03-03T13:20:30Z,2022-06-09T02:10:43Z,1799,1420,242
adblockradio/adblockradio,2018-07-09T12:35:43Z,2022-06-09T20:33:29Z,9143,1420,55
amitkaps/hackermath,2016-05-23T14:32:02Z,2022-06-10T21:10:45Z,26070,1418,290
google/uis-rnn,2018-10-23T08:13:24Z,2022-06-08T14:13:37Z,111993,1418,313
JifuZhao/DS-Take-Home,2018-04-12T01:40:14Z,2022-06-11T15:09:50Z,8422,1414,780
alexsosn/iOS_ML,2015-08-18T08:44:46Z,2022-06-05T07:18:30Z,98,1412,161
alan-turing-institute/MLJ.jl,2018-08-01T06:29:39Z,2022-06-10T08:17:23Z,33191,1410,136
VivekPa/AIAlpha,2018-10-07T03:58:26Z,2022-06-12T21:59:05Z,13852,1408,419
nubank/fklearn,2019-02-27T14:32:57Z,2022-06-08T03:43:51Z,2186,1407,158
chaoyanghe/Awesome-Federated-Learning,2020-07-03T19:26:03Z,2022-06-12T14:41:23Z,1109,1405,263
openmlsys/openmlsys-zh,2022-01-18T08:43:46Z,2022-06-12T14:47:58Z,38392,1398,198
postgresml/postgresml,2022-04-11T05:33:26Z,2022-06-12T13:40:00Z,3489,1395,38
h2oai/h2o-tutorials,2015-08-05T20:26:22Z,2022-06-08T18:45:42Z,1105662,1395,1024
fepegar/torchio,2019-11-26T09:10:09Z,2022-06-12T18:41:28Z,45935,1394,176
MindorksOpenSource/AndroidTensorFlowMachineLearningExample,2017-03-06T04:34:38Z,2022-05-24T04:43:10Z,54395,1393,437
pytorch/tnt,2016-12-10T11:49:58Z,2022-06-05T11:33:44Z,547,1392,197
uber/orbit,2020-01-07T18:20:37Z,2022-06-12T17:21:26Z,142240,1390,101
MLReef/mlreef,2020-07-20T09:45:29Z,2022-06-08T09:29:57Z,67224,1385,322
HuwCampbell/grenade,2016-06-23T12:04:52Z,2022-06-01T10:56:05Z,335,1383,85
vearch/vearch,2019-05-13T02:37:31Z,2022-06-12T20:31:08Z,23404,1380,248
krzjoa/awesome-python-data-science,2017-12-21T10:17:53Z,2022-06-10T06:53:14Z,1415,1379,245
explosion/sense2vec,2016-01-23T22:15:49Z,2022-06-10T10:21:10Z,1184,1374,228
bfelbo/DeepMoji,2017-07-18T11:42:33Z,2022-06-05T19:53:29Z,113199,1372,313
danielhanchen/hyperlearn,2018-08-27T16:00:47Z,2022-06-12T01:31:33Z,40892,1367,114
TorchCraft/TorchCraft,2016-12-03T00:04:58Z,2022-06-12T01:31:15Z,8339,1367,213
elyra-ai/elyra,2019-10-22T21:37:58Z,2022-06-11T00:46:21Z,109743,1367,242
kelvins/awesome-mlops,2020-05-25T22:53:26Z,2022-06-12T13:18:19Z,317,1366,229
Cloud-CV/EvalAI,2016-10-21T00:51:45Z,2022-06-12T18:34:16Z,64756,1358,644
cerlymarco/MEDIUM_NoteBook,2019-04-22T20:45:20Z,2022-06-12T03:24:14Z,96250,1353,760
TianZerL/Anime4KCPP,2020-03-25T16:51:24Z,2022-06-12T14:47:55Z,7614,1351,111
basicmi/AI-Chip,2017-08-09T04:10:54Z,2022-06-12T01:31:22Z,116593,1350,251
denizyuret/Knet.jl,2015-09-29T23:42:37Z,2022-06-11T11:59:32Z,24136,1350,235
cdipaolo/goml,2015-06-27T05:52:01Z,2022-06-10T19:58:44Z,967,1350,127
prabhuomkar/pytorch-cpp,2019-11-05T16:52:01Z,2022-06-11T09:31:58Z,455,1347,189
o19s/elasticsearch-learning-to-rank,2016-12-25T03:19:01Z,2022-06-11T12:44:19Z,1841,1344,336
whylabs/whylogs,2020-08-14T23:25:32Z,2022-06-12T13:02:33Z,42980,1343,62
graph4ai/graph4nlp,2020-07-16T03:28:48Z,2022-06-12T08:29:14Z,489139,1341,167
igrigorik/decisiontree,2009-02-23T04:52:20Z,2022-06-10T06:15:42Z,56,1339,134
BilalReffas/EmojiIntelligence,2017-04-10T03:44:45Z,2022-06-12T10:02:43Z,420,1338,88
edyoda/data-science-complete-tutorial,2018-09-15T06:37:32Z,2022-06-12T18:21:51Z,57533,1338,612
vahidk/EffectivePyTorch,2020-04-02T07:21:57Z,2022-06-11T16:45:58Z,49,1337,146
voxel51/fiftyone,2020-04-22T13:43:28Z,2022-06-12T11:24:56Z,702516,1336,177
demidovakatya/vvedenie-mashinnoe-obuchenie,2016-01-28T23:10:50Z,2022-06-06T11:01:21Z,2315,1336,330
firmai/machine-learning-asset-management,2019-07-11T11:16:56Z,2022-06-12T16:36:28Z,122,1331,406
xinshuoweng/AB3DMOT,2019-06-19T23:48:25Z,2022-06-10T12:55:10Z,204110,1329,348
modelfoxdotdev/modelfox,2021-04-23T19:25:24Z,2022-06-11T13:49:01Z,28649,1325,56
AxeldeRomblay/MLBox,2017-06-01T16:59:24Z,2022-06-10T18:38:57Z,52434,1323,268
datamade/usaddress,2014-07-17T19:22:46Z,2022-06-12T00:45:38Z,7025,1322,267
PyTorchLightning/lightning-bolts,2020-03-25T16:03:30Z,2022-06-10T13:24:52Z,4759,1319,263
timoschick/pet,2020-04-07T08:13:51Z,2022-06-09T23:34:34Z,183,1319,239
DLTK/DLTK,2017-05-02T15:40:36Z,2022-06-07T01:41:47Z,19507,1309,396
rednaga/APKiD,2016-06-23T18:00:21Z,2022-06-10T21:10:45Z,10192,1304,250
404notf0und/AI-for-Security-Learning,2018-11-02T03:43:53Z,2022-06-11T11:30:21Z,130,1294,287
fendouai/Awesome-TensorFlow-Chinese,2017-09-01T08:07:50Z,2022-06-12T01:31:23Z,34,1293,333
fairlearn/fairlearn,2018-05-15T01:51:35Z,2022-06-11T01:39:14Z,77651,1288,308
microsoft/EdgeML,2017-08-02T11:27:52Z,2022-06-10T04:16:21Z,82289,1282,341
johannfaouzi/pyts,2017-07-31T09:23:16Z,2022-06-10T16:37:34Z,7807,1278,138
leehomyc/Faster-High-Res-Neural-Inpainting,2017-01-26T21:18:49Z,2022-06-08T14:33:15Z,38020,1274,218
trekhleb/machine-learning-experiments,2019-11-14T06:50:29Z,2022-06-12T01:31:46Z,799947,1273,225
torchgan/torchgan,2018-09-20T16:41:00Z,2022-06-11T11:59:57Z,24010,1272,156
MarcSkovMadsen/awesome-streamlit,2019-10-06T02:07:49Z,2022-06-10T15:14:32Z,120446,1271,272
dmotz/thing-translator,2016-11-14T20:03:10Z,2022-05-30T12:03:26Z,4200,1271,227
chandrikadeb7/Face-Mask-Detection,2020-04-21T11:04:56Z,2022-06-12T14:54:54Z,191247,1270,723
ebhy/budgetml,2020-12-27T14:24:57Z,2022-06-08T13:38:57Z,1333,1270,56
Hitachi-Automotive-And-Industry-Lab/semantic-segmentation-editor,2018-07-25T07:44:38Z,2022-06-12T17:59:13Z,2717,1269,376
kingfengji/gcForest,2017-06-01T06:23:57Z,2022-06-01T10:54:14Z,119,1267,435
mrdbourke/zero-to-mastery-ml,2019-09-23T04:56:51Z,2022-06-12T21:15:35Z,210473,1264,2070
reiinakano/xcessiv,2017-03-07T18:18:25Z,2022-05-30T18:32:45Z,9467,1261,111
hollance/Forge,2017-04-23T19:25:05Z,2022-05-30T23:52:07Z,191355,1261,180
ranahanocka/MeshCNN,2019-05-06T22:48:52Z,2022-06-09T10:15:35Z,3645,1254,257
sepandhaghighi/pycm,2018-01-22T19:46:54Z,2022-06-11T02:47:46Z,8541,1250,107
stanfordmlgroup/ngboost,2018-06-21T22:22:40Z,2022-06-12T06:49:23Z,12706,1249,186
tensorflow/model-optimization,2018-10-31T20:34:28Z,2022-06-12T12:27:50Z,2058,1248,282
BloodAxe/pytorch-toolbelt,2019-03-15T16:02:49Z,2022-06-12T03:23:30Z,2720,1248,100
DragonComputer/Dragonfire,2016-04-19T23:28:07Z,2022-06-09T18:48:44Z,25246,1246,197
tensorly/tensorly,2016-10-21T23:14:52Z,2022-06-09T21:44:44Z,2948,1245,247
scikit-learn-contrib/metric-learn,2013-11-02T08:29:47Z,2022-06-11T15:32:17Z,11926,1243,229
advboxes/AdvBox,2018-08-08T08:55:41Z,2022-06-12T01:31:32Z,104092,1238,249
yangyanli/PointCNN,2017-08-22T22:45:32Z,2022-06-10T06:49:59Z,343,1236,348
gnes-ai/gnes,2019-07-08T08:31:09Z,2022-06-06T13:47:07Z,54521,1233,215
metrofun/machine-learning-surveys,2017-05-24T19:30:06Z,2022-06-10T21:10:49Z,65,1224,199
FluxML/Zygote.jl,2018-08-06T22:08:26Z,2022-06-11T18:14:09Z,3546,1223,172
hi-primus/optimus,2017-07-13T02:31:18Z,2022-06-09T10:19:52Z,115135,1223,219
abdulfatir/twitter-sentiment-analysis,2017-10-08T21:07:18Z,2022-06-08T12:10:23Z,2442,1222,535
google-research/language,2018-10-16T00:58:14Z,2022-06-11T09:13:04Z,5261,1220,289
FedML-AI/FedML,2020-07-21T22:41:25Z,2022-06-12T13:52:18Z,685363,1215,366
ben1234560/AiLearning-Theory-Applying,2020-10-25T02:25:05Z,2022-06-11T11:20:15Z,92567,1215,213
robertmartin8/MachineLearningStocks,2017-02-12T04:50:44Z,2022-06-11T21:12:38Z,7544,1215,430
aws-samples/aws-machine-learning-university-accelerated-cv,2020-07-29T22:17:04Z,2022-06-12T16:40:45Z,187311,1213,277
AgaMiko/data-augmentation-review,2019-09-28T19:46:30Z,2022-06-12T13:37:28Z,3637,1212,171
argosopentech/argos-translate,2020-04-07T16:22:23Z,2022-06-12T18:11:16Z,3375,1210,88
Xtremilicious/projectlearn-project-based-learning,2019-12-01T13:20:52Z,2022-06-11T16:55:54Z,13789,1206,123
scverse/scanpy,2017-01-29T11:31:11Z,2022-06-12T00:59:32Z,38064,1205,429
huoyijie/AdvancedEAST,2018-05-14T01:37:52Z,2022-06-08T01:47:42Z,3293,1201,383
IntelLabs/control-flag,2021-08-04T05:48:07Z,2022-06-09T08:21:15Z,2094,1199,106
nebuly-ai/nebullvm,2022-02-12T17:17:14Z,2022-06-11T21:09:54Z,541,1195,55
alkaline-ml/pmdarima,2017-03-30T14:58:30Z,2022-06-12T07:15:37Z,77006,1194,208
AtheMathmo/rusty-machine,2015-11-14T05:55:27Z,2022-06-04T09:45:54Z,12405,1194,148
ArztSamuel/Applying_EANNs,2017-04-09T10:24:29Z,2022-06-11T14:05:30Z,20660,1190,316
jfkirk/tensorrec,2017-02-28T18:51:11Z,2022-06-07T01:33:43Z,640,1189,224
lihanghang/NLP-Knowledge-Graph,2019-01-29T12:15:57Z,2022-06-10T14:57:13Z,530305,1186,323
jrieke/traingenerator,2020-12-03T16:47:16Z,2022-06-12T15:03:29Z,10368,1182,167
yassouali/awesome-semi-supervised-learning,2020-04-08T00:43:22Z,2022-06-12T18:20:56Z,229,1179,171
fukuball/jieba-php,2015-04-23T08:29:45Z,2022-06-09T05:11:40Z,40223,1176,245
alan-ai/alan-sdk-web,2019-10-23T12:17:16Z,2022-06-12T14:33:44Z,10545,1168,51
HyperGAN/HyperGAN,2016-06-24T22:49:56Z,2022-06-08T01:50:25Z,38992,1164,171
luwill/Machine_Learning_Code_Implementation,2019-02-13T06:40:54Z,2022-06-11T15:22:43Z,3183,1164,506
linjinjin123/awesome-AIOps,2018-07-27T07:04:52Z,2022-06-10T18:31:28Z,60,1164,324
nlpodyssey/spago,2020-01-05T20:39:29Z,2022-06-12T08:19:53Z,19869,1159,62
nok/sklearn-porter,2016-06-22T22:21:34Z,2022-06-11T15:48:48Z,3050,1159,163
pytorch/opacus,2019-12-07T01:58:09Z,2022-06-12T05:08:26Z,6425,1157,207
liuyubobobo/Play-with-Machine-Learning-Algorithms,2017-10-17T23:13:24Z,2022-06-12T09:07:21Z,75510,1157,593
rbhatia46/Data-Science-Interview-Resources,2018-11-22T19:48:36Z,2022-06-12T11:49:44Z,101,1157,330
icoxfog417/awesome-text-summarization,2017-10-04T01:01:43Z,2022-06-07T16:08:06Z,631,1150,203
trevorstephens/gplearn,2015-03-26T01:01:14Z,2022-06-10T05:18:43Z,7989,1147,200
benedekrozemberczki/CapsGNN,2019-01-29T18:57:25Z,2022-06-11T12:05:19Z,4939,1146,195
iamtodor/data-science-interview-questions-and-answers,2017-12-06T18:32:29Z,2022-06-11T23:20:57Z,1798,1143,283
Hyperparticle/one-pixel-attack-keras,2018-02-17T07:26:48Z,2022-06-09T10:58:28Z,45645,1142,190
salesforce/WikiSQL,2017-08-11T23:27:06Z,2022-06-12T15:02:20Z,52177,1141,288
salu133445/musegan,2017-09-13T03:52:31Z,2022-06-11T04:53:56Z,75263,1138,282
babylonhealth/fastText_multilingual,2017-04-21T12:15:09Z,2022-06-10T21:57:32Z,147480,1133,125
recognai/rubrix,2021-04-28T14:37:42Z,2022-06-12T20:01:01Z,437065,1126,93
lensacom/sparkit-learn,2014-10-15T14:01:10Z,2022-05-23T12:24:53Z,455,1123,249
explosion/spacy-transformers,2019-07-26T19:12:34Z,2022-06-03T21:54:02Z,1121,1122,143
ahmetozlu/tensorflow_object_counting_api,2018-06-28T19:53:18Z,2022-06-12T05:24:01Z,341899,1122,509
tatsuyah/vehicle-detection,2017-10-27T00:34:41Z,2022-06-04T04:39:54Z,63021,1117,174
x4nth055/pythoncode-tutorials,2019-07-29T12:35:40Z,2022-06-12T14:57:54Z,300086,1115,1308
GokuMohandas/MLOps,2020-11-12T03:05:00Z,2022-06-11T22:16:32Z,7319,1113,202
explosion/spacy-models,2017-03-14T11:15:20Z,2022-06-09T09:30:44Z,5138,1105,258
firmai/awesome-google-colab,2019-11-11T23:53:59Z,2022-06-11T23:08:30Z,1666,1105,231
mossr/BeautifulAlgorithms.jl,2020-09-15T19:58:22Z,2022-06-11T02:38:36Z,20808,1104,68
harvitronix/five-video-classification-methods,2017-03-15T06:17:59Z,2022-06-08T06:55:01Z,321,1103,471
amusi/TensorFlow-From-Zero-To-One,2018-03-29T15:09:03Z,2022-06-12T12:16:07Z,782,1102,333
labmlai/labml,2018-11-16T09:34:48Z,2022-06-10T17:20:44Z,104307,1096,79
wzy6642/Machine-Learning-in-Action-Python3,2018-12-28T00:59:52Z,2022-06-12T01:53:38Z,4299,1094,455
shobrook/BitVision,2018-01-03T08:33:25Z,2022-06-12T12:20:39Z,211801,1089,146
devAmoghS/Machine-Learning-with-Python,2018-03-02T14:54:11Z,2022-06-11T20:50:43Z,822,1084,178
philipperemy/yolo-9000,2017-04-15T03:24:23Z,2022-05-17T12:45:50Z,181405,1084,310
wagenaartje/neataptic,2017-02-23T10:02:16Z,2022-06-08T22:02:29Z,3219,1082,271
JustGlowing/minisom,2013-07-03T10:10:06Z,2022-06-08T18:57:06Z,16359,1081,344
BindsNET/bindsnet,2018-02-09T19:42:37Z,2022-06-08T07:57:51Z,30038,1080,285
awslabs/sockeye,2017-06-08T07:44:30Z,2022-06-12T11:54:42Z,9708,1079,315
datumbox/datumbox-framework,2014-10-18T18:10:08Z,2022-05-30T23:54:20Z,4725,1077,295
SciSharp/NumSharp,2018-10-10T00:10:09Z,2022-06-07T12:36:05Z,33764,1075,167
IIT-Lab/Paper-with-Code-of-Wireless-communication-Based-on-DL,2019-02-21T04:51:40Z,2022-06-12T11:46:23Z,1672,1074,479
databricks/spark-sklearn,2015-09-02T18:44:51Z,2022-06-12T01:30:28Z,801,1070,233
BorealisAI/advertorch,2018-11-29T22:17:33Z,2022-06-09T03:19:08Z,8587,1069,172
kritiksoman/GIMP-ML,2020-03-30T07:04:20Z,2022-06-11T16:29:33Z,117954,1069,82
mihail911/nlp-library,2017-08-10T06:53:37Z,2022-06-10T14:54:31Z,65,1061,93
GoogleCloudPlatform/data-science-on-gcp,2017-02-10T16:46:57Z,2022-06-09T22:17:45Z,8147,1060,617
chainer/chainerrl,2017-01-30T04:58:15Z,2022-06-09T02:10:38Z,14530,1057,224
oracle/tribuo,2020-06-16T09:59:48Z,2022-06-11T12:52:57Z,7164,1056,150
ModelOriented/DALEX,2018-02-18T03:24:12Z,2022-06-10T12:46:18Z,554017,1055,141
neomatrix369/awesome-ai-ml-dl,2018-12-23T19:55:49Z,2022-06-11T21:45:09Z,80148,1054,304
benthecoder/yt-channels-DS-AI-ML-CS,2021-06-14T07:31:26Z,2022-06-11T05:11:56Z,159,1053,118
fendouai/OpenCVTutorials,2020-02-17T15:21:43Z,2022-06-12T14:46:03Z,237,1052,307
MorvanZhou/Evolutionary-Algorithm,2017-07-15T09:50:11Z,2022-06-09T07:42:35Z,2316,1051,619
gradslam/gradslam,2020-11-06T03:09:31Z,2022-06-12T09:13:05Z,74053,1051,127
DeepGraphLearning/graphvite,2019-07-16T15:48:20Z,2022-06-12T20:01:03Z,5657,1047,138
open-metadata/OpenMetadata,2021-08-01T21:17:17Z,2022-06-12T20:25:09Z,633142,1040,187
adeshpande3/Tensorflow-Programs-and-Tutorials,2016-12-09T15:30:47Z,2022-05-18T09:05:05Z,360364,1040,331
Shujian2015/FreeML,2018-01-24T09:06:53Z,2022-06-10T02:25:08Z,79,1040,515
learning-at-home/hivemind,2020-02-27T13:50:19Z,2022-06-12T05:42:53Z,12345,1031,63
tensorflow/tfjs-node,2018-02-12T18:23:36Z,2022-05-21T10:25:16Z,144392,1030,116
oracle/Skater,2017-01-26T05:45:42Z,2022-06-11T09:59:12Z,374879,1030,172
KevinGong2013/ChineseIDCardOCR,2016-08-17T03:31:34Z,2022-06-10T11:44:26Z,11345,1029,196
quic/aimet,2020-04-21T18:57:10Z,2022-06-12T11:49:04Z,6950,1026,197
jonathan-laurent/AlphaZero.jl,2019-09-04T02:00:41Z,2022-06-11T21:36:42Z,20654,1022,104
dalmia/Deep-Learning-Book-Chapter-Summaries,2017-10-27T09:48:08Z,2022-05-28T09:10:19Z,6062,1020,309
tf-encrypted/tf-encrypted,2018-03-21T18:22:13Z,2022-06-11T13:28:16Z,23200,1016,181
EddyVerbruggen/nativescript-plugin-firebase,2015-11-22T14:54:52Z,2022-06-09T02:49:53Z,50841,1015,464
despoisj/DeepAudioClassification,2016-11-27T12:00:41Z,2022-06-12T07:15:37Z,69,1014,214
jermwatt/machine_learning_refined,2016-08-12T14:13:30Z,2022-06-12T05:52:04Z,557981,1010,417
iver56/audiomentations,2019-02-12T16:36:24Z,2022-06-10T06:50:51Z,2784,1007,128
